char,codepoint,file,line,column,entry,context
𠖫,U+205AB,20250630-安.csv,13378,詞目,揞𠖫,揞𠖫
𠗊,U+205CA,20250630-南.csv,16828,相反詞,燒熝熝仔,冷泧泧仔　冷𠗊𠗊仔　冷沁沁仔　冷潑潑仔
𠗊,U+205CA,20250630-四.csv,7896,例句,𠗻人,例：還記得寒天睡目个時節，老弟緊用𠗊冷个腳𠗻人。(還記得冬天睡覺的時候，弟弟一直用冰冷的腳碰人。)
𠗊,U+205CA,20250630-四.csv,16571,相反詞,燒熝熝仔,冷泧泧仔　冷𠗊𠗊仔
𠗊,U+205CA,20250630-大.csv,16059,例句,摀人,例：還記得寒天睡目个時節，老弟緊用𠗊冷个腳摀人。(（還記得冬天睡覺的時候，弟弟一直用冰冷的腳碰人。）)
𠗊,U+205CA,20250630-平.csv,7878,例句,𠗻人,例：還記得寒天睡个時節，老弟緊用𠗊冷个腳𠗻人。(還記得冬天睡覺的時候，弟弟一直用冰冷的腳碰人。)
𠗊,U+205CA,20250630-平.csv,13284,相反詞,燒熝熝,冷泧泧　冷𠗊𠗊
𠘆,U+20606,113四高.csv,745,四縣客家語,牙狌狌仔【牙𠘆𠘆】,牙狌狌仔【牙𠘆𠘆】
𠘆,U+20606,20250630-四.csv,12700,例句,縫仔,例：烏𪐞𠘆个天時，冷風對窗門个縫仔項鑽入來，寒到人恄恄顫。(酷寒的天氣，寒冷風從窗戶的縫隙中鑽了進來，令人冷到打哆嗦。)
𠘆,U+20606,20250630-大.csv,12254,例句,縫,例：暴線縫。 例：烏𪐞𠘆个天時，冷風對窗門个縫鑽入來，寒都人激激顫。(（酷寒的天氣，寒冷風從窗戶的縫隙中鑽了進來，令人冷得打哆嗦。）)
𠘆,U+20606,20250630-平.csv,12604,例句,縫仔,例：烏𪐞𠘆个天時，冷風對窗門个縫仔鑽入來，寒到人激激顫。(酷寒的天氣，寒冷風從窗戶的縫隙中鑽了進來，冷到令人打哆嗦。)
𠜖,U+20716,20250630-安.csv,3857,例句,對破,例：醃瓜愛先對破，拁籽𠜖莫，正挲鹽來滷。(越瓜要先對半剖開，把種子刮除，再抹鹽醃漬。) 例：做菜包个時，糯米佮秥米對破，驚會忒軟、忒黏喔！(做菜包時，糯米和在來米對半調配，可能會太軟、太黏喔！)
𠠫,U+2082B,113海高.csv,1095,海陸客家語,絲芋荷（𠠫芋荷）,絲芋荷（𠠫芋荷）
𠭴,U+20B74,20250630-四.csv,16468,相似詞,重鈂鈂仔,重跕跕仔　𠭴頭𠭴頭
𠭴,U+20B74,20250630-平.csv,16374,相似詞,重鈂鈂仔,重跕跕仔　𠭴頭𠭴頭
𠭴,U+20B74,20250630-海.csv,6287,相似詞,重鈂鈂,重跕跕仔　𠭴頭𠭴頭　重魁魁
𠰌,U+20C0C,20250630-四.csv,15692,例句,汁,例：汁水（餿水）、米汁水(（洗米水）) 例：暖汁（煮豬食）、臭汁𠰌(（豬食的臭味）) 例：目汁(（眼淚）) 例：果汁（水果的汁液）、芹菜汁(（芹菜的汁液）)
𡮢,U+21BA2,20250630-四.csv,5002,例句,挨生挨死,例：戰國時代个越王句踐臥薪𡮢膽，挨生挨死，就全全係為著報仇救國家。(（戰國時代的越王句踐臥薪𡮢膽，隱忍苟活，全都是為了報仇救國家。）)
𢛟,U+226DF,113四高.csv,314,四縣客家語,𢛟落落仔,𢛟落落仔
𢛟,U+226DF,113四高.csv,314,例句,𢛟落落仔,例如：聽著恁好个課長分人辭頭路，全課个人就𢛟落落仔無想做哩。
𢛟,U+226DF,113平高.csv,311,饒平客家語,𢛟落落仔,𢛟落落仔
𢛟,U+226DF,113平高.csv,311,例句,𢛟落落仔,例如：聽著恁好个課長分人辭頭路，全課个人就𢛟落落仔無想做咧。
𢛟,U+226DF,113海高.csv,313,海陸客家語,𢛟落落仔,𢛟落落仔
𢛟,U+226DF,113海高.csv,313,例句,𢛟落落仔,例如：聽著恁好个課長分人辭頭路，全課个人就𢛟落落仔無想做咧。
𢜳,U+22733,113四高.csv,322,四縣客家語,譴𢜳𢜳仔（譴腸閼胗）,譴𢜳𢜳仔（譴腸閼胗）
𢜳,U+22733,113四高.csv,322,例句,譴𢜳𢜳仔（譴腸閼胗）,例如：佢啊，異毋受人講，動啊著就譴𢜳𢜳仔掣等走。
𢜳,U+22733,113大高.csv,316,大埔客家語,譴𢜳𢜳（譴心閼肝）,譴𢜳𢜳（譴心閼肝）
𢜳,U+22733,113大高.csv,316,例句,譴𢜳𢜳（譴心閼肝）,例如：佢啊，已毋受人講，動啊著斯譴𢜳𢜳掣緊走。
𢜳,U+22733,20250630-南.csv,17761,例句,譴,例：譴啊食毋落（氣得吃不下）、發譴(生氣) 例：譴膣扡胲（喻非常生氣）、譴𢜳𢜳仔(很生氣的樣子)
𢜳,U+22733,20250630-四.csv,2733,相似詞,面臭臭仔,面挷挷仔　面北北仔　面爪爪仔　面𢜳𢜳仔
𢜳,U+22733,20250630-四.csv,4906,相反詞,歡頭笑面,面臭臭仔　面北北仔　譴𢜳𢜳仔
𢜳,U+22733,20250630-四.csv,16575,相反詞,笑咪咪仔,譴𢜳𢜳仔額結結仔面北北仔面𢜳𢜳仔面挷挷仔面臭臭仔
𢜳,U+22733,20250630-四.csv,17550,例句,譴,例：譴到食無落(氣得吃不下) 例：譴粄（「湯粢」的又稱）、譴𢜳𢜳仔(很生氣的樣子)
𢜳,U+22733,20250630-平.csv,2676,相似詞,面臭臭仔,面挷挷仔　面北北仔　面爪爪仔　面𢜳𢜳仔
𢫫,U+22AEB,113安高.csv,884,詔安客家語,𢫫㿸,𢫫㿸
𢫫,U+22AEB,113安高.csv,884,例句,𢫫㿸,例如：洗浴愛用面帕𢫫㿸，正洗會淨俐。
𢫫,U+22AEB,113安高.csv,960,詔安客家語,𢫫豬腸,𢫫豬腸
𢫫,U+22AEB,113安高.csv,960,例句,𢫫豬腸,例如：炒豬腸進前，討先𢫫豬腸，正揙轉來洗淨。
𢫫,U+22AEB,20250630-安.csv,1310,例句,生㿸,例：你耳背生㿸啊，洗面个時愛順續𢫫淨俐。(你的耳背長汙垢了，洗臉時要順便搓乾淨。)
𢫫,U+22AEB,20250630-安.csv,13594,詞目,𢫫㿸,𢫫㿸
𢫫,U+22AEB,20250630-安.csv,16461,詞目,㓾雞𢫫鴨,㓾雞𢫫鴨
𢫫,U+22AEB,20250630-安.csv,16461,例句,㓾雞𢫫鴨,例：成過人過年過節㓾雞𢫫鴨，真無閒，這下人買買个就好啊！(以前人逢年過節殺雞殺鴨，非常忙碌，現代人買一買就好了！)
𢿞,U+22FDE,113安中.csv,1379,詔安客家語,𢿞,𢿞
𢿞,U+22FDE,113安中.csv,1379,詔安例句,𢿞,阿財哥禮拜日割一𢿞豬肉去䀴厥外媽。
𢿞,U+22FDE,113安中高.csv,740,例句,半肥瘦,例「割一𢿞半肥瘦个豬肉」。
𢿞,U+22FDE,113安中高.csv,996,詔安客家語,長𢿞長𢿞,長𢿞長𢿞
𢿞,U+22FDE,113安中高.csv,996,例句,長𢿞長𢿞,例如：這間屋長𢿞長𢿞，係竹笐屋。
𢿞,U+22FDE,113安中高.csv,1324,例句,堵來堵去,例如：一𢿞豬肉定，嘛在遐堵來堵去，否䀴啦。
𣗺,U+235FA,20250630-安.csv,14107,詞目,𣗺瓦,𣗺瓦
𤻤,U+24EE4,20250630-四.csv,9499,例句,瘍癧,阿公想孫仔想到難耐，做阿爸个人閒閒，正經係才仔無恁痛，瘍𤻤較痛。 爺爺想孫子想到難耐，當爸爸的不在乎，真的是皇帝不急，急死太監。
𤻤,U+24EE4,20250630-平.csv,9458,例句,瘍癧,阿公想孫仔想到難耐，做阿爸个人閒閒，正經係㾽仔無恁疾，瘍𤻤較疾。 爺爺想孫子想到難耐，當爸爸的不在乎，真的是皇帝不急，急死太監。
𤻤,U+24EE4,20250630-海.csv,9527,相似詞,瘍癧,襯瘍𤻤　
𥉔,U+25254,20250630-安.csv,13573,詞目,𥉔,𥉔
𥏘,U+253D8,113四高.csv,733,四縣客家語,𥏘尾,𥏘尾
𥏘,U+253D8,113四高.csv,733,例句,𥏘尾,例如：這下人畜个豬仔，旦勢就係𥏘尾个。
𥏘,U+253D8,113大高.csv,727,大埔客家語,𥏘尾,𥏘尾
𥏘,U+253D8,113大高.csv,727,例句,𥏘尾,例如：這下人畜个豬，大勢都係𥏘尾个。
𥏘,U+253D8,113大高.csv,883,大埔客家語,筆擂擂（筆𥏘𥏘）,筆擂擂（筆𥏘𥏘）
𥏘,U+253D8,113平高.csv,727,饒平客家語,𥏘尾,𥏘尾
𥏘,U+253D8,113平高.csv,727,例句,𥏘尾,例如：這下人畜个豬仔，大體就係𥏘尾个。
𥏘,U+253D8,113海高.csv,728,海陸客家語,𥏘尾,𥏘尾
𥏘,U+253D8,113海高.csv,728,例句,𥏘尾,例如：這下人畜个豬仔，旦勢就係𥏘尾个。
𥚃,U+25683,20250630-南.csv,1560,例句,守孝,例：一般來講，守孝个人毋會去廟項燒香。(一般而言，守孝的人不會去廟𥚃燒香。)
𥚃,U+25683,20250630-四.csv,1611,例句,守孝,例：一般來講，守孝个人毋會去廟項燒香。(一般而言，守孝的人不會去廟𥚃燒香。)
𥚃,U+25683,20250630-大.csv,1553,例句,守孝,例：一般來講，守孝个人無去廟肚燒香。(（一般而言，守孝的人不會去廟𥚃燒香。）)
𥚃,U+25683,20250630-安.csv,1526,例句,守孝,例：普通來講，守孝个人毋會去廟燒香。(一般而言，守孝的人不會去廟𥚃燒香。)
𥚃,U+25683,20250630-平.csv,1570,例句,守孝,例：一般來講，守孝个人無去廟肚燒香。(一般而言，守孝的人不會去廟𥚃燒香。)
𥚃,U+25683,20250630-海.csv,286,例句,舅公,例：阿婆還在个時節，舅公盡肯來屋下尞。(祖母還在世的時候，舅公時常到家𥚃來玩。)
𥚃,U+25683,20250630-海.csv,1571,例句,守孝,例：一般來講，守孝个人無去廟肚燒香。(一般而言，守孝的人不會去廟𥚃燒香。)
𥠊,U+2580A,20250630-南.csv,17488,相似詞,稈葇,穀𥠊
𥠊,U+2580A,20250630-平.csv,17204,例句,稈葇,例：割禾該下篩出來个稈𥠊還會有點穀，做得分雞仔食。(（割稻時篩出來的稻梗雜屑還會有些穀子，可以拿給雞吃。）)
𦃓,U+260D3,20250630-南.csv,4263,例句,捉猴仔,例：山頂个甜柿分猴仔耗爽盡多，阿爸做𦃓索來捉猴仔。(山上的甜柿被猴子糟蹋掉很多，爸爸做陷阱來捉猴子。) 例：佢疑狐厥老公同著人，就去尋人捉猴仔。(她懷疑她老公有外遇，就去找人捉姦。)
𦃓,U+260D3,20250630-大.csv,2756,例句,捉猴,例：山頂个甜柿分猴座爽已多，阿爸做𦃓來捉猴。(（山上的甜柿被猴子糟蹋掉很多，爸爸做陷阱來捉猴子。）) 例：佢疑狐厥老公同著人，請專人去捉猴。(（她懷疑她老公有外遇，特別請人去捉姦。）)
𦒨,U+264A8,20250630-四.csv,2912,相似詞,朗朗膨膨,㝗㝗㝩㝩　𦒨𦒨襎襎
𦒨,U+264A8,20250630-平.csv,2851,相似詞,朗朗膨膨,㝗㝗㝩㝩　𦒨𦒨襎襎　剌剌蹳蹳　㝗㝗膨膨
𦘅,U+26605,113四高.csv,2123,四縣客家語,耳聾𦘅,耳聾𦘅
𦘅,U+26605,113四高.csv,2123,例句,耳聾𦘅,例如：𠊎講麼个你就聽無，耳聾𦘅係無？
𦘅,U+26605,113大高.csv,2112,大埔客家語,耳聾𦘅,耳聾𦘅
𦘅,U+26605,113大高.csv,2112,例句,耳聾𦘅,例如：𠊎講麼个你都聽無，耳聾𦘅係無？
𦘅,U+26605,113平高.csv,2112,饒平客家語,耳聾𦘅,耳聾𦘅
𦘅,U+26605,113平高.csv,2112,例句,耳聾𦘅,例如：𠊎講麼个你就聽無，耳聾𦘅係無？
𦘅,U+26605,113海高.csv,2113,海陸客家語,耳聾𦘅,耳聾𦘅
𦘅,U+26605,113海高.csv,2113,例句,耳聾𦘅,例如：𠊎講麼个你就聽無，耳聾𦘅係無？
𦣇,U+268C7,113四高.csv,63,四縣客家語,肚𦣇,肚𦣇
𦣇,U+268C7,113四高.csv,63,例句,肚𦣇,例如：捉豬，愛看肚𦣇。<br>例如：大肚𦣇，一餐愛食兩隻飯包。
𦣇,U+268C7,113大高.csv,62,大埔客家語,肚𦣇,肚𦣇
𦣇,U+268C7,113大高.csv,62,例句,肚𦣇,例如：捉豬，愛看肚𦣇。<br>例如：大肚𦣇，一餐愛食兩粒飯包。
𦣇,U+268C7,113平高.csv,63,饒平客家語,肚𦣇,肚𦣇
𦣇,U+268C7,113平高.csv,63,例句,肚𦣇,例如：捉豬，愛䀴肚𦣇。<br>例如：大肚𦣇，一餐愛食兩隻飯包。
𦣇,U+268C7,113海高.csv,63,海陸客家語,肚𦣇,肚𦣇
𦣇,U+268C7,113海高.csv,63,例句,肚𦣇,例如：捉豬，愛看肚𦣇。<br>例如：大肚𦣇，一餐愛食兩隻飯包。
𧟌,U+277CC,20250630-南.csv,2707,相似詞,㝗㝗㝩㝩,朗朗膨膨　𧟌𧟌襎襎
𧟌,U+277CC,20250630-海.csv,2827,相似詞,朗朗膨膨,㝗㝗㝩㝩　𧟌𧟌襎襎
𧬻,U+27B3B,20250630-安.csv,5932,相似詞,打落,䀴輕　誚𧬻
𩑭,U+2946D,20250630-南.csv,9559,例句,汫,例：汫出（水倒出）、倒汫（翻轉、倒過來）、汫燥(把水倒盡使之乾燥) 例：汫汫、倒汫倒汫(𩑭斜的) 例：心汫汫仔(沉迷於)
𩑭,U+2946D,20250630-四.csv,9742,例句,汫,例：汫出（水倒出）、倒汫（翻轉、倒過來）、汫燥(把水倒盡使之乾燥) 例：汫汫、倒汫倒汫(𩑭斜的)
𩑭,U+2946D,20250630-大.csv,9475,例句,汫,例：汫出（水倒出）、倒汫（翻轉、倒過來）、汫燥(（把水倒盡使之乾燥）) 例：汫汫、倒汫倒汫(（𩑭斜的）)
𩑭,U+2946D,20250630-平.csv,9699,例句,汫,例：汫出（水倒出）、倒汫（翻轉、倒過來）、汫燥(把水倒盡使之乾燥) 例：汫汫、倒汫倒汫(𩑭斜的)
𩑭,U+2946D,20250630-海.csv,9770,例句,汫,例：汫出（水倒出）、倒汫（翻轉、倒過來）、汫燥(把水倒盡使之乾燥) 例：汫汫、倒汫倒汫(𩑭斜的)
𩔵,U+29535,113海高.csv,435,海陸客家語,盦盦覆（盦𩔵覆）,盦盦覆（盦𩔵覆）
𪖶,U+2A5B6,113平高.csv,456,饒平客家語,𪖶噎毋轉,𪖶噎毋轉
𪖶,U+2A5B6,113平高.csv,456,例句,𪖶噎毋轉,例如：䀴佢唩到𪖶噎毋轉，毋知發生麼个事情？
𪖶,U+2A5B6,113海高.csv,454,海陸客家語,𪖶噎毋轉,𪖶噎毋轉
𪖶,U+2A5B6,113海高.csv,454,例句,𪖶噎毋轉,例如：看佢噭到𪖶噎毋轉，毋知發生麼个事情？
𪖶,U+2A5B6,20250630-海.csv,16291,例句,噭,例：緊噭（一直哭）、噭眵（哭泣）、噭媱（無事哭）、呀噭（痛哭）、噭到𪖶噎毋轉（哭得抽搐不止）、噭豺豺仔（哭泣不止的樣子）、噭好命（舊時新娘出嫁，一直哭，越哭越好命，喻飲水思源，捨不得親恩）、噭襤溼褸(（哭得衣服溼透，極為傷心）)
𪘁,U+2A601,113安中高.csv,332,詔安客家語,𪘁,𪘁
𪘁,U+2A601,113安中高.csv,332,詔安華語詞義,𪘁,張口急咬，「𪘁著」即指咬到。
𪘁,U+2A601,113安中高.csv,332,例句,𪘁,例如：這隻狗毋知幾久無食物件，䀴著烏蠅嘛在遐𪘁。
𪲧,U+2ACA7,20250630-南.csv,17554,例句,過宕,例：佢考試該日睡過宕，赴考毋著嗄落第吔。(（他考試當天睡過頭，沒趕上考試因此留級了。）) 例：這件事情過宕吔你正決定，來毋掣吔啦！(（這件事情時機已過你才決定，𪲧不及了啦！）)
𪳕,U+2ACD5,20250630-南.csv,12043,例句,棚,瓜棚（瓜架）、戲棚（戲臺）、棚𪳕(棚目鏡) 一棚戲（一齣戲）、雙棚絞 夾層、閣樓(戴眼鏡) 兩臺戲同時上演
𪳕,U+2ACD5,20250630-四.csv,12356,例句,棚,瓠棚（瓜架）、戲棚（戲臺）、棚𪳕(棚目鏡) 一棚戲（一齣戲）、雙棚絞 夾層、閣樓(戴眼鏡) 兩臺戲同時上演
𪳕,U+2ACD5,20250630-大.csv,11924,例句,棚,例：瓠棚（瓜架）、戲棚（戲臺子）、棚𪳕shin53（夾層、閣樓）、上棚（指瓜果類捲鬚爬上棚架）、棚頂(（樓上）) 例：上棚、煞棚、戲棚。 例：一棚戲（一臺戲）、雙棚絞(（兩臺戲同時上演）)
𪳕,U+2ACD5,20250630-安.csv,10244,例句,棚,瓠棚（瓜架）、戲棚（戲臺）、棚𪳕(一棚戲（一齣戲）、雙棚絞) (夾層) 兩臺戲同時上演
𪳕,U+2ACD5,20250630-平.csv,12258,例句,棚,瓠棚（瓜架）、戲棚（戲臺）、棚𪳕(棚目鏡) 一棚戲（一齣戲）、雙棚絞 夾層、閣樓(戴眼鏡) 兩臺戲同時上演
𪳕,U+2ACD5,20250630-海.csv,12405,例句,棚,瓠棚（瓜架）、戲棚（戲臺）、棚𪳕（夾層、閣樓）、大嫲棚（一大堆）、棚頭（一齣戲的開頭）、棚頂(一棚戲（一天的戲）、雙棚絞) (樓上) 兩臺戲同時上演
𫞻,U+2B7BB,20250630-四.csv,7873,例句,揀食,例：這細人仔當揀食，故所畜到𫞻𫞻毋會大。(這小孩很挑食，所以發育不良長不大。)
𫠄,U+2B804,20250630-四.csv,17542,詞目,韌𫠄𫠄仔,韌𫠄𫠄仔
𫠄,U+2B804,20250630-四.csv,17542,例句,韌𫠄𫠄仔,例：你炒个大腸無得訣，韌𫠄𫠄仔噍毋綿，吞毋得落。(你炒的大腸沒有得到要領，堅韌嚼不爛，難以下嚥。)
𫠄,U+2B804,20250630-海.csv,12153,相似詞,韌鋸鋸,韌𫠄𫠄
𬏛,U+2C3DB,113四高.csv,20,四縣客家語,發𬏛仔,發𬏛仔
𬏛,U+2C3DB,113海高.csv,20,海陸客家語,發𬏛仔（發粒仔）,發𬏛仔（發粒仔）
𬏛,U+2C3DB,20250630-平.csv,17378,例句,腳脥,例：佢个腳盤項好恬恬發一粒𬏛仔，腳脥項嗄襯瘍癧，疾到喊毋敢。(他的腳盤上突然長出一顆膿瘡，胯部連帶的淋巴腺脹痛，痛得受不了。)
㗭,U+35ED,20250630-南.csv,14563,例句,黃蚻,灶下个電火扚啊烏，歸大陣个黃蚻㗭㗭嗦嗦出來搞走相逐，無清仰做得。 廚房的電燈熄了，一大群的蟑螂窸窸窣窣跑出來追逐玩樂，沒清除怎麼可以。
㗭,U+35ED,20250630-四.csv,14944,例句,黃蚻,灶下个電火扚啊烏，歸大陣个黃蚻㗭㗭嗦嗦出來搞走相逐，無清仰做得。 廚房的電燈熄了，一大群的蟑螂窸窸窣窣跑出來追逐玩樂，沒清除怎麼可以。
㗭,U+35ED,20250630-安.csv,12193,例句,黃蚻,灶下个電火扚莫，歸大陣个黃蚻即㗭㗭嗦嗦趖出來絡食，無清仰子會用。 廚房的電燈熄了，一大群的蟑螂就窸窸窣窣跑出來覓食，沒清除怎麼可以。
㗭,U+35ED,20250630-平.csv,9878,例句,蜞蚻,灶下个電火扚啊烏，歸大陣个蜞蚻㗭㗭嗦嗦出來爽走相逐，無清仰做得。 廚房的電燈熄了，一大群的蟑螂窸窸窣窣跑出來追逐玩樂，沒清除怎麼可以。
㗭,U+35ED,20250630-海.csv,17712,例句,蜞蚻仔,例：灶下个電火扚啊烏，歸大陣个蜞蚻仔斯㗭㗭嗦嗦趖出來，無清仰做得。(廚房的電燈熄了，一大群的蟑螂就窸窸窣窣爬出來，沒清除怎麼可以。)
㞇,U+3787,113安中.csv,18,詔安例句,腳目,佢行路㞇著，腳目腫起來。
㞇,U+3787,113安中.csv,63,詔安客家語,㞇著,㞇著
㞇,U+3787,113安中.csv,63,詔安例句,㞇著,𠊎个頸㞇著，攏無法度停動。<br>佢个腳㞇著，杖子擎歸半個月。
㞇,U+3787,113安中高.csv,130,詔安客家語,㞇著,㞇著
㞇,U+3787,113安中高.csv,130,例句,㞇著,例如：實在運數無好，正行出大路，腳就㞇著。
㞇,U+3787,113安中高.csv,438,例句,撨,例如：佢手骨㞇著，去得拳頭師傅撨轉去。
㞇,U+3787,20250630-安.csv,3676,例句,腳筋,例：佢去跋山，腳筋嗄㞇著，這下行路跛啊跛个。(（他去爬山，卻扭傷腳筋，現在走路一拐一拐的。）)
㞇,U+3787,20250630-安.csv,16529,例句,腳目珠仁,例：佢行路㞇著，腳目珠仁腫起來，驚真傷重。(他走路扭到，腳踝腫起來，好像很嚴重。)
㞇,U+3787,20250630-安.csv,16530,詞目,㞇著,㞇著
㞇,U+3787,20250630-安.csv,16530,例句,㞇著,例：佢走傷緊，無注意泥下有一個窟，腳目嗄㞇著啊。 (他跑太快，沒注意地上有一個窟窿，竟扭傷腳踝。) 例：佢个腳㞇著，歸半個月擎怙杖。(他的腳扭傷，拄了大半個月的拐杖。)
㧗,U+39D7,113四高.csv,696,四縣客家語,㧗頭那毛,㧗頭那毛
㧗,U+39D7,113四高.csv,696,例句,㧗頭那毛,例如：兩公婆冤家，互相㧗頭那毛，搣到細人仔毋知愛仰般做正好。
㧗,U+39D7,113大高.csv,687,大埔客家語,㧗頭那毛,㧗頭那毛
㧗,U+39D7,113大高.csv,687,例句,㧗頭那毛,例如：兩公姐冤家，互相㧗頭那毛，搣去細人毋知愛仰脣做正好。
㧗,U+39D7,113平高.csv,686,饒平客家語,㧗頭那毛【揪頭那毛／扯頭那毛】,㧗頭那毛【揪頭那毛／扯頭那毛】
㧗,U+39D7,113平高.csv,686,例句,㧗頭那毛【揪頭那毛／扯頭那毛】,例如：兩公姐冤家，互相㧗頭那毛，搣到細人仔毋知愛仰般做正好。
㧗,U+39D7,113海高.csv,688,海陸客家語,㧗頭那毛,㧗頭那毛
㧗,U+39D7,113海高.csv,688,例句,㧗頭那毛,例如：兩公婆冤家，互相㧗頭那毛，搣到細人仔毋知愛仰般做正好。
㧹,U+39F9,20250630-海.csv,4579,相反詞,親切,面臭臭　面臭面㧹
㨖,U+3A16,113安高.csv,1611,詔安客家語,打㨖碓,打㨖碓
㨖,U+3A16,113安高.csv,1611,例句,打㨖碓,例如：莫直直和佢打㨖碓，佢係毋會用講笑个人。
㾨,U+3FA8,20250630-平.csv,5717,相似詞,襯瘍癧,襯滷㾨
㾸,U+3FB8,20250630-安.csv,16315,詞目,生癩㾸病,生癩㾸病
㾸,U+3FB8,20250630-安.csv,16315,例句,生癩㾸病,例：聽講莊底遐個流漂子豬哥，落尾生癩㾸病死去。(（聽說村子裡那個行為不檢點的人風流成性，結果得性病皮膚潰爛死了。）)
㾽,U+3FBD,20250630-平.csv,9458,例句,瘍癧,阿公想孫仔想到難耐，做阿爸个人閒閒，正經係㾽仔無恁疾，瘍𤻤較疾。 爺爺想孫子想到難耐，當爸爸的不在乎，真的是皇帝不急，急死太監。
㾽,U+3FBD,20250630-平.csv,17678,詞目,發目㾽,發目㾽
㾽,U+3FBD,20250630-平.csv,17678,例句,發目㾽,例：老弟發目㾽，又紅又疾，阿姆煞煞帶佢去分先生䀴。(（弟弟長針眼，又紅又痛，媽媽趕緊帶她去給醫師看。）)
㾽,U+3FBD,20250630-平.csv,17679,詞目,發㾽仔,發㾽仔
㾽,U+3FBD,20250630-平.csv,17679,例句,發㾽仔,例：該乞食仔个下想發㾽仔，䀴起來盡傷重。(（那位乞丐的小腿生癰疽，看起來很嚴重。）)
㾽,U+3FBD,20250630-平.csv,17679,相似詞,發㾽仔,發㾽發癤
㾽,U+3FBD,20250630-平.csv,17680,詞目,發㾽發癤,發㾽發癤
㾽,U+3FBD,20250630-平.csv,17680,例句,發㾽發癤,熱天時做田事，炙日頭又出汗，皮膚較會發㾽發癤。 夏天時做農事，晒太陽又流汗，皮膚比較會長膿瘡。
㾽,U+3FBD,20250630-平.csv,17680,相似詞,發㾽發癤,發㾽發疓　
㾽,U+3FBD,20250630-海.csv,9527,例句,瘍癧,恁久發㾽仔當嚴重，腳脥下个瘍癧嗄襯起來，當痛。 最近長膿瘡很嚴重，腳胯下的淋巴反而腫起來，很痛。
㾽,U+3FBD,20250630-海.csv,17599,詞目,發目㾽,發目㾽
㾽,U+3FBD,20250630-海.csv,17599,例句,發目㾽,例：老弟發目㾽，又紅又痛，阿姆煞煞渡佢去分先生看。(（弟弟長針眼，又紅又痛，媽媽趕緊帶他去給醫師看。）)
㾽,U+3FBD,20250630-海.csv,17600,詞目,發㾽仔,發㾽仔
㾽,U+3FBD,20250630-海.csv,17600,例句,發㾽仔,例：該隻乞食仔个下想發㾽仔，看起來盡傷重。(（那個乞丐的小腿生癰疽，看起很嚴重。）)
㾽,U+3FBD,20250630-海.csv,17600,相似詞,發㾽仔,發㾽發癤
㾽,U+3FBD,20250630-海.csv,17602,詞目,發㾽發癤,發㾽發癤
㾽,U+3FBD,20250630-海.csv,17602,例句,發㾽發癤,熱天時做田事，晒日頭又出汗，皮膚較會爪到發㾽發癤。 夏天時做農事，晒太陽又流汗，皮膚比較會抓到長膿瘡。
䈪,U+422A,113四高.csv,2552,四縣客家語,籮䈪,籮䈪
䈪,U+422A,113大高.csv,2542,大埔客家語,籮䈪,籮䈪
䈪,U+422A,113平高.csv,2537,饒平客家語,籮䈪,籮䈪
䈪,U+422A,113海高.csv,2541,海陸客家語,籮䈪,籮䈪
䈪,U+422A,20250630-南.csv,9665,例句,㧡,例：㧡擔（挑擔）、㧡枷（日暈、月暈）、㧡火炭（挑木炭）、㧡長籮䈪（挑高禮籃、喻遇到麻煩事）、菜籃㧡水(喻沒有效果) 例：㧡起來（承擔起來）、㧡責任（擔當責任）、㧡家（承擔家務）、㧡毋贏(承擔不起)
䈪,U+422A,20250630-南.csv,17423,詞目,籮䈪,籮䈪
䈪,U+422A,20250630-四.csv,9852,例句,㧡,例：㧡擔（挑擔）、㧡枷（日暈、月暈）、㧡火炭（挑木炭）、㧡長籮䈪（挑高禮籃、遇到麻煩事）、菜籃㧡水(喻沒有效果) 例：㧡起來（承擔起來）、㧡責任（擔當責任）、㧡家（承擔家務）、㧡毋贏(承擔不起)
䈪,U+422A,20250630-四.csv,11883,例句,迎親,例：路項有一頂大紅花轎行等來，接等一𣛮一𣛮个彩禮，一籮䈪一籮䈪个嫁妝，連峨接棟，毋知係哪家个迎親陣頭恁排場。(路上有一頂大紅花轎走過來，接著一𣛮一𣛮的彩禮，一籮筐一籮筐的嫁妝，連綿不斷，不知道是哪家的迎親隊伍這麼盛大。)
䈪,U+422A,20250630-四.csv,17110,詞目,籮䈪,籮䈪
䈪,U+422A,20250630-四.csv,17110,例句,籮䈪,例：阿姊行嫁个時節，大細籮䈪對阿婆个間肚排到廳下，真排場。(（姊姊出嫁時候，大小謝籃從奶奶的房間裡擺到客廳，場面很壯觀。）)
䈪,U+422A,20250630-大.csv,9578,例句,㧡,例：㧡擔（挑擔）、㧡火炭（挑木炭）、㧡長籮䈪（挑高禮籃、遇到麻煩事）、菜籃㧡水(（喻沒有效果）) 例：㧡䟘來（承擔起來）、㧡責任（擔當責任）、㧡家（承擔家務）、㧡毋贏(（承擔不起）)
䈪,U+422A,20250630-大.csv,17021,詞目,籮䈪,籮䈪
䈪,U+422A,20250630-大.csv,17021,例句,籮䈪,例：阿姊行嫁个時節遵古禮，阿舅㧡籮䈪，紙炮並令砰朗響連天。(（姊姊出嫁時候遵循古禮，舅舅肩挑謝籃，鞭炮聲響徹雲霄。）)
䈪,U+422A,20250630-平.csv,9807,例句,㧡,例：㧡擔（挑擔）、㧡火炭（挑木炭）、㧡長籮䈪（挑高禮籃、遇到麻煩事）、菜籃㧡水(喻沒有效果) 例：㧡起來（承擔起來）、㧡責任（擔當責任）、㧡家（承擔家務）、㧡毋贏(承擔不起)
䈪,U+422A,20250630-平.csv,11780,例句,迎親,例：路項有一頂大紅花轎扛等來，接等一𣛮一𣛮个彩禮，一籮䈪一籮䈪个嫁妝，毋知係哪家个迎親陣頭恁排場。(路上有一頂大紅花轎抬著過來，接著一𣛮一𣛮的彩禮，一籮筐一籮筐的嫁妝，不知道是哪家的迎親隊伍這麼盛大。)
䈪,U+422A,20250630-平.csv,17133,詞目,籮䈪,籮䈪
䈪,U+422A,20250630-海.csv,8304,例句,講鬼話,例：信當你講鬼話，該𠊎斯長籮䈪有好㧡咧哪！(相信你講的鬼話，我就吃不完兜著走啊！)
䈪,U+422A,20250630-海.csv,9880,例句,㧡,例：㧡擔（挑擔）、㧡火炭（挑木炭）、㧡長籮䈪（挑高禮籃、遇到麻煩事）、菜籃㧡水（喻沒有效果）、㧡米食(買米過三餐) 例：㧡起來（承擔起來）、㧡責任（擔當責任）、㧡家（承擔家務）、㧡毋贏(承擔不起)
䈪,U+422A,20250630-海.csv,17049,詞目,籮䈪,籮䈪
䈪,U+422A,20250630-海.csv,17049,例句,籮䈪,例：阿婆常常用籮䈪張等牲儀个去敬神。(（阿婆常常用竹籮裝著牲儀去拜神。）)
䌫,U+432B,20250630-南.csv,9171,釋義,鉛,1.化學元素之一。　2.金屬元素之一。色青質軟有延展性、易氧化，抗腐蝕性強，可與其他金屬化合而製成蓄電池、電䌫外皮、防Ｘ射線的材料等。　3.一種書寫工具。　
䕻,U+457B,113海高.csv,1086,海陸華語詞義,豆筣,給豆類植物攀爬的竹竿，亦可說「豆䕻」。
䛍,U+46CD,113安中高.csv,1767,詔安客家語,啐啐䛍,啐啐䛍
䛍,U+46CD,113安中高.csv,1767,例句,啐啐䛍,例如：䀴佢食大麵食到啐啐䛍，害𠊎食肚直直枵起來。
䛍,U+46CD,113安高.csv,140,詔安客家語,嗀嗀䛍,嗀嗀䛍
䛍,U+46CD,113安高.csv,140,例句,嗀嗀䛍,例如：食著無萋个物件，佢在便所內底嘔到嗀嗀䛍。
䛍,U+46CD,113安高.csv,518,詔安客家語,吃吃䛍,吃吃䛍
䛍,U+46CD,113安高.csv,518,例句,吃吃䛍,例如：佢吃吃䛍直直笑，問佢麼个事情也毋講。
䛍,U+46CD,113安高.csv,614,詔安客家語,噦噦䛍,噦噦䛍
䛍,U+46CD,113安高.csv,614,例句,噦噦䛍,例如：遐個細子毋聽人講，得厥依𢫦到噦噦䛍直直唩。
䛍,U+46CD,113安高.csv,615,詔安客家語,喈喈䛍,喈喈䛍
䛍,U+46CD,113安高.csv,615,例句,喈喈䛍,例如：小可仔著傷定，你就莫在遐喈喈䛍。
䛍,U+46CD,113安高.csv,619,詔安客家語,唩唉唉䛍,唩唉唉䛍
䛍,U+46CD,113安高.csv,619,例句,唩唉唉䛍,例如：厥孫得人攙慣勢啊，正放落凳面上就唩唉唉䛍。
䛍,U+46CD,113安高.csv,692,例句,冇笐,例如：竹冇笐冇笐，窿入灶空，大火一燒即會響到砰砰䛍。
䛍,U+46CD,113安高.csv,951,詔安客家語,㕸㕸䛍,㕸㕸䛍
䛍,U+46CD,113安高.csv,951,例句,㕸㕸䛍,例如：食物件較斯文兜，毋好㕸㕸䛍無禮貌。<br>例如：佢正讀高中定，英文即講到㕸㕸䛍啊。
䛍,U+46CD,113安高.csv,1160,詔安客家語,砉砉䛍,砉砉䛍
䛍,U+46CD,113安高.csv,1160,例句,砉砉䛍,例如：佢著一雙新皮鞋，行路砉砉䛍，遠遠就聽會著。
䛍,U+46CD,113安高.csv,1168,詔安客家語,貢貢䛍,貢貢䛍
䛍,U+46CD,113安高.csv,1168,例句,貢貢䛍,例如：迎神遐下大鼓班打到貢貢䛍，攏毋驚會吵著人。
䛍,U+46CD,113安高.csv,1482,詔安客家語,颼颼䛍,颼颼䛍
䛍,U+46CD,113安高.csv,1482,例句,颼颼䛍,例如：窗門無關好勢，風颼颼䛍直直灌入來。
䛍,U+46CD,113安高.csv,1528,例句,半桶水,例如：佢个手藝學到半桶水即喋喋䛍，真會个樣。
䛍,U+46CD,113安高.csv,1529,詔安客家語,砰砰䛍,砰砰䛍
䛍,U+46CD,113安高.csv,1529,例句,砰砰䛍,例如：這個後生子人停動著即砰砰䛍，面臭臭䀴起來實在真得人慼。
䛍,U+46CD,113安高.csv,1613,詔安客家語,喋喋䛍,喋喋䛍
䛍,U+46CD,113安高.csv,1613,例句,喋喋䛍,例如：佢長透喋喋䛍，講佢全世界尞透透。
䛍,U+46CD,113安高.csv,1670,詔安客家語,喈喈䛍,喈喈䛍
䛍,U+46CD,113安高.csv,1670,例句,喈喈䛍,例如：一隻牛毋見攏無講，一支毛挷莫就喈喈䛍。
䛍,U+46CD,113安高.csv,1724,詔安客家語,咍咍䛍,咍咍䛍
䛍,U+46CD,113安高.csv,1724,例句,咍咍䛍,例如：你舞麼个舞到恁悿，仰子按咍咍䛍？
䛍,U+46CD,113安高.csv,1935,詔安客家語,譊譊䛍,譊譊䛍
䛍,U+46CD,113安高.csv,1935,例句,譊譊䛍,例如：事情一件接著一件，連當晝都無閒好食，難怪佢會譊譊䛍。
䛍,U+46CD,20250630-安.csv,14493,例句,倒貶歌,例：戲棚崠，阿丑个倒貶歌唱到拚拚䛍；戲棚下，䀴戲个喝到泥下會定動。(戲臺上，小丑的顛倒歌唱得震天價響；戲臺下，戲迷們喊得天搖地動。)
䛍,U+46CD,20250630-安.csv,14631,例句,病狗,例：遐隻病狗打輸啊，尾㘝㘝喈喈䛍走去。(那條弱狗打架輸了，夾著尾巴哀哀叫落荒而逃。) 例：遐隻病狗，七晝八晝啊猶毋來上班，等下會得人刻到臭頭！(那個渾小子，這麼遲了還不來上班，等一下會被臭罵一頓！)
䛍,U+46CD,20250630-安.csv,14819,例句,粉鳥,例：前幾下年，阿怙識在屋崠供粉鳥，不時攏聽會著咕咕䛍个叫聲。(幾年前，爸爸曾在屋頂養鴿子，常常聽得到咕嚕咕嚕的叫聲。)
䛍,U+46CD,20250630-安.csv,14936,例句,䀯蹛,例：貓聽著排水空遐位唧唧䛍，就跍在脣頭，䀯蹛直直䀴。(（貓聽見排水孔那唧唧作響，就蹲在旁邊，窺伺緊盯著。）)
䛍,U+46CD,20250630-安.csv,15925,例句,嗀,例：嗀嗀䛍（一直發出嘔聲）、嗀一聲(（嘔一聲）) 例：嗀出來（吐出來）、嗀嗀出來(（全部吐出來）)
䛍,U+46CD,20250630-安.csv,16220,例句,興唩,例：這個細子真興唩，吂摸著佢即噦噦䛍！這個細子真興唩，吂摸著佢即噦噦咈！(（這個小孩反應過度，還沒碰到他，他就大聲嘶喊！）)
䛍,U+46CD,20250630-安.csv,16243,詞目,噦噦䛍,噦噦䛍
䛍,U+46CD,20250630-安.csv,16243,釋義,噦噦䛍,形容哭聲淒厲，或大聲喊叫的樣子。例: 佢个食肚疾，疾到噦噦䛍，足苦憐哦！（他肚子痛，痛到哭聲淒厲，好可憐喔！）　
䛍,U+46CD,20250630-安.csv,16575,例句,無家無藪,例：真多去大陸謀事个人，做了真多年，遐位無家無藪猶係真孤單。(很多去大陸做事業的人，做了很多年，那裡沒有家眷還是很孤單。) 例：遐頭樹昨日得人裁莫，本底在樹崠做藪个鳥這下嗄無家無藪，在遐飛上飛下啾啾䛍。(那棵樹昨天被人砍了，原本在樹上做巢的鳥現在無家可歸，在那裡飛上飛下一直叫。)
䠙,U+4819,113四中高.csv,444,四縣客家語,䠙上䠙下,䠙上䠙下
䠙,U+4819,113四中高.csv,444,例句,䠙上䠙下,例如：你兩儕（個人）透日共下䠙上䠙下，到底做麼个頭路。
䠙,U+4819,113四高.csv,190,四縣客家語,大肚踉䠙【大肚扐膕】,大肚踉䠙【大肚扐膕】
䠙,U+4819,113四高.csv,190,例句,大肚踉䠙【大肚扐膕】,例如：厥心臼大肚踉䠙，下隻月就愛做月哩！
䠙,U+4819,113大中高.csv,437,大埔客家語,䠙上䠙落,䠙上䠙落
䠙,U+4819,113大中高.csv,437,例句,䠙上䠙落,例如：若兩儕歸日共下䠙上䠙落，到底做麼个頭路。
䠙,U+4819,113大高.csv,185,大埔客家語,大肚踉䠙,大肚踉䠙
䠙,U+4819,113大高.csv,185,例句,大肚踉䠙,例如：厥心臼大肚踉䠙，下個月斯愛做月咧！
䠙,U+4819,113平中高.csv,446,饒平客家語,䠙上䠙下,䠙上䠙下
䠙,U+4819,113平中高.csv,446,例句,䠙上䠙下,例如：你兩儕透日仔（日／日仔）共下䠙上䠙下，到底做麼个頭路。
䠙,U+4819,113平高.csv,188,饒平客家語,大肚踉䠙,大肚踉䠙
䠙,U+4819,113平高.csv,188,例句,大肚踉䠙,例如：厥新婦大肚踉䠙，下隻月就愛做月咧！
䠙,U+4819,113海中高.csv,443,海陸客家語,䠙上䠙下,䠙上䠙下
䠙,U+4819,113海中高.csv,443,例句,䠙上䠙下,例如：你兩儕透日共下䠙上䠙下，到底做麼个頭路。
䠙,U+4819,113海高.csv,190,海陸客家語,大肚踉䠙,大肚踉䠙
䠙,U+4819,113海高.csv,190,例句,大肚踉䠙,例如：厥心臼大肚踉䠙，下隻月就愛做月咧！
佅,U+4F45,113安中.csv,1003,詔安客家語,阿佅（阿嬰）,阿佅（阿嬰）
佅,U+4F45,113安中.csv,1003,詔安例句,阿佅（阿嬰）,阿佅真得人惜。
佅,U+4F45,20250630-安.csv,1575,例句,收驚,例：阿佅直直唩，驚講有犯著，愛渡去得人收驚無？(小嬰兒一直哭，恐怕有沖犯鬼神，要帶去給人收驚嗎？)
佅,U+4F45,20250630-安.csv,1867,例句,見人,例：阿佅大啊會認人，毋係見人攏攙會著。(嬰兒長大了會認人，不是任誰都抱得到。) 例：阿姊拁頭那毛電壞去啊，毋敢出來廳下見人。(姊姊把頭髮燙壞了，不敢出來客廳見人。)
佅,U+4F45,20250630-安.csv,1911,例句,乳水,例：阿泉嫂个乳水真足，阿佅得佢供到肥卒卒。(阿泉嫂的奶水很充足，小寶寶被養得胖嘟嘟的。)
佅,U+4F45,20250630-安.csv,2196,相反詞,大人,細子人　細阿佅　2.序細　2.下輩
佅,U+4F45,20250630-安.csv,3673,例句,腦囟,例：阿佅个頭那殼吂生合，猶䀴會著腦囟直直跳。(嬰兒的頭蓋骨尚未彌合，還可以看見腦囟一直跳動。)
佅,U+4F45,20250630-安.csv,3929,例句,認人,例：阿佅開始會認人啊，頭那一直斡開，毋肯得別儕攙。(小嬰兒開始會認人了，一直把頭撇開，不肯讓別人抱。)
佅,U+4F45,20250630-安.csv,4275,例句,輕手輕腳,例：房間內底有阿佅在遐睡，大家輕手輕腳，係驚會拁佢吵醒。(（房間裡有嬰兒在睡覺，大家躡手躡腳的，生怕吵醒他。）)
佅,U+4F45,20250630-安.csv,4782,例句,願乳,例：阿佅願乳，手揢腳踢嘴直直擘真心色哦！(嬰兒想吃奶的樣子看起來手動腳踢一直張嘴真有趣喔！)
佅,U+4F45,20250630-安.csv,13825,例句,衣帶,例：阿佅出世大約一禮拜過，衣帶就會㪐莫。(小嬰孩出生大約一個禮拜之後，臍帶頭就會脫落。)
佅,U+4F45,20250630-安.csv,14881,詞目,阿佅,阿佅
佅,U+4F45,20250630-安.csv,15667,例句,軟粢搭碓,例：阿佅軟粢搭碓真無好攙，攙个時務愛細義兜。(（小嬰兒軟綿綿的很難抱，抱的時候要小心一點。）)
佅,U+4F45,20250630-安.csv,16218,例句,精確確,例：這滿个阿佅，兩三個月䀴起來即精確確啊！(（現在的嬰兒，兩三個月看起來就聰明伶俐的樣子了！）)
佅,U+4F45,20250630-安.csv,16222,例句,臭奶羴,例：猶在食奶个阿佅雖然有多少臭奶羴，毋過真得人惜。(（還吃奶的小嬰兒仔雖然或多或少有乳臭味，但是很可愛。）) 例：阿光伯个後生䀴起來猶臭奶羴，無想著佢已經開兩間公司啊。(（阿光伯的兒子看起來還乳臭未乾，沒想到他已經開兩間公司了。）)
佅,U+4F45,20250630-安.csv,16423,相似詞,嬰仔,阿佅
佅,U+4F45,20250630-安.csv,16542,相似詞,阿嬰,阿佅　嬰仔
喠,U+55A0,20250630-南.csv,17957,詞目,綿喠喠,綿喠喠
喠,U+55A0,20250630-南.csv,17957,例句,綿喠喠,例：西瓜擲落地泥綿喠喠吔，愛仰仔食？(（西瓜摔到地上稀巴爛了，要怎麼吃？）)
喠,U+55A0,20250630-大.csv,17458,詞目,綿喠喠,綿喠喠
喠,U+55A0,20250630-平.csv,17702,詞目,綿喠喠,綿喠喠
喠,U+55A0,20250630-平.csv,17702,例句,綿喠喠,例：西瓜擲落地泥綿喠喠咧，愛仰般食？(（西瓜摔到地上稀巴爛了，要怎麼吃？）)
喠,U+55A0,20250630-海.csv,17634,詞目,綿喠喠,綿喠喠
喴,U+55B4,20250630-四.csv,16543,相似詞,牙絲絲仔,牙喴喴仔
喴,U+55B4,20250630-平.csv,11626,相似詞,牙絲絲,牙喴喴
喴,U+55B4,20250630-海.csv,11771,相似詞,牙絲絲,牙喴喴ve仔
尯,U+5C2F,113安中高.csv,19,詔安客家語,尯著,尯著
尯,U+5C2F,113安中高.csv,19,例句,尯著,例如：佢走忒緊，一下無注意，腳嗄尯著。
尯,U+5C2F,113安中高.csv,900,例句,杖,例如：佢个腳尯著，愛擎杖正行會在。
搼,U+643C,113平高.csv,694,饒平客家語,搼,搼
撎,U+648E,113四高.csv,520,四縣客家語,撎撎共下【擳擳共下】,撎撎共下【擳擳共下】
撎,U+648E,113四高.csv,520,例句,撎撎共下【擳擳共下】,例如：東西毋分類，麼个就撎撎共下，還毋係愛整理過。
撎,U+648E,113平高.csv,512,饒平客家語,撎撎共下,撎撎共下
撎,U+648E,113平高.csv,512,例句,撎撎共下,例如：東西毋分類，麼个斯撎撎共下，還毋係愛整理過。
撎,U+648E,113海高.csv,512,海陸客家語,撎撎共下,撎撎共下
撎,U+648E,113海高.csv,512,例句,撎撎共下,例如：東西毋分類，麼个斯撎撎共下，還毋係愛整理過。
撎,U+648E,20250630-平.csv,281,例句,菣香,例：阿姆煮惜圓會撎歸大扡香菜仔來菣香。(媽媽煮湯圓會放一大把香菜來增添香氣。)
撎,U+648E,20250630-海.csv,282,例句,菣香,例：阿姆煮粄圓會撎歸大扡香菜仔來菣香。(媽媽煮湯圓會放一大把香菜來增添香氣。)
撎,U+648E,20250630-海.csv,4443,例句,豬粉腸,例：煠熟个豬粉腸搵豆油摎酸醋，過撎一息薑絲盡好食哦。(燙熟的豬粉腸沾醬油和醋，再配一些薑絲很好吃。)
槵,U+69F5,113安中高.csv,657,詔安客家語,無槵籽,無槵籽
槵,U+69F5,113安中高.csv,657,例句,無槵籽,例如：無槵籽个籽會用提來洗衫褲。
槵,U+69F5,20250630-安.csv,16036,例句,油漬漬,例：鑊油漬漬，會用用無槵籽清潔劑先洗過，正用米汁水加洗一遍。(鍋子油膩膩的，可以用無患子清潔劑先洗過，再用洗米水洗一次。)
櫉,U+6AC9,20250630-海.csv,2619,例句,茄冬,例：茄冬个木材花色當靚，拿來做櫉當竳笐。(茄冬的木材紋理色澤很美，拿來做櫉子很好。)
殜,U+6B9C,20250630-大.csv,11370,相反詞,硬拚拚,軟殜殜軟齏齏軟斗
殜,U+6B9C,20250630-平.csv,11671,相反詞,硬拚拚,軟殜殜仔軟齏齏仔軟巴巴仔
殜,U+6B9C,20250630-海.csv,11815,相反詞,硬拚拚,軟殜殜仔軟齏齏仔
沯,U+6CAF,113安高.csv,1157,詔安客家語,沯來沯去,沯來沯去
沯,U+6CAF,113安高.csv,1157,詔安華語詞義,沯來沯去,液體因搖動溢出的樣子，通常指桶、杓、杯、碗等較小的容器因受外力激盪而濺出內容物的情形。「半桶水沯來沯去」則是比喻能力不足又愛喧嚷炫耀之人。
沯,U+6CAF,113安高.csv,1157,例句,沯來沯去,例如：阿依擔水沃菜，上大崎一擔水沯來沯去，擔到菜園伸無一半。
沯,U+6CAF,20250630-安.csv,14018,詞目,沯出,沯出
爏,U+720F,20250630-四.csv,10380,相反詞,冷膣冷滑,燒熝熝仔　滾爏爏仔　
爏,U+720F,20250630-四.csv,16571,相似詞,燒熝熝仔,滾爏爏仔
爏,U+720F,20250630-平.csv,10299,相反詞,冷膣冷滑,燒熝熝仔　滾爏爏仔　
爏,U+720F,20250630-平.csv,13284,相似詞,燒熝熝,滾爏爏
爏,U+720F,20250630-海.csv,13450,相似詞,燒熝熝,滾爏爏仔
盫,U+76EB,20250630-南.csv,13874,相反詞,挺挺昂,盫盫覆
盫,U+76EB,20250630-四.csv,14231,相反詞,挺挺昂,盫盫覆
盫,U+76EB,20250630-大.csv,13704,相反詞,挺挺昂,盫盫覆
盫,U+76EB,20250630-平.csv,14133,相反詞,挺挺昂,盫盫覆
睈,U+7748,20250630-大.csv,254,例句,鷂婆,例：鷂婆在天頂飛上飛下，睈看哪有雞子好釣。(（老鷹在天上飛來飛去，注視著看哪裡有小雞可抓。）)
硆,U+7846,113安中.csv,384,詔安客家語,崩硆,崩硆
硆,U+7846,113安中.csv,384,詔安例句,崩硆,轉斡遐下愛注意，正毋會跌落崩硆下。
硆,U+7846,20250630-安.csv,5116,相似詞,崩崗,大崁　崩硆　石壁崖
硆,U+7846,20250630-安.csv,13421,詞目,崩硆,崩硆
碽,U+78BD,113四高.csv,1245,四縣客家語,涇碽,涇碽
碽,U+78BD,113四高.csv,1245,例句,涇碽,例如：拿隻大石牯擲落深潭，就聽著涇碽一聲。
碽,U+78BD,113大高.csv,1237,大埔客家語,涇碽,涇碽
碽,U+78BD,113大高.csv,1237,例句,涇碽,例如：拿一粒大石牯擲落深潭，斯聽著涇碽一聲。
碽,U+78BD,113安高.csv,1147,詔安客家語,涇碽,涇碽
碽,U+78BD,113安高.csv,1147,例句,涇碽,例如：提一粒大石頭擊落深潭，即聽著涇碽一聲。
碽,U+78BD,113平高.csv,1240,饒平客家語,涇碽,涇碽
碽,U+78BD,113平高.csv,1240,例句,涇碽,例如：提隻大石牯擲落深潭，斯聽著涇碽一聲。
碽,U+78BD,113海高.csv,1241,海陸客家語,涇碽,涇碽
碽,U+78BD,113海高.csv,1241,例句,涇碽,例如：拿隻大石牯擲落深潭，斯聽著涇碽一聲。
秙,U+79D9,20250630-四.csv,16957,相似詞,奀孱,奀奀孱孱媸媸秙稐
秙,U+79D9,20250630-平.csv,17002,相似詞,奀孱,奀奀孱孱媸媸秙稐
箼,U+7BBC,20250630-安.csv,1623,例句,竹頭,例：竹頭个形真心色，所以有人會提來雕刻。(竹頭的形狀很有趣，所以有些人會拿來雕刻。) 例：這箼竹頭傷密，冬尾愛裁一兜仔莫，春天正較會發筍。(這堆竹叢太密集了，冬天要砍除一些，春天才比較容易長出竹筍。)
蜶,U+8736,113大高.csv,733,大埔客家語,蚊蜶,蚊蜶
蜶,U+8736,113大高.csv,733,例句,蚊蜶,例如：熱天騎車愛注意蚊蜶，分佢打著會擘毋開目。
蜶,U+8736,113安高.csv,675,詔安客家語,蚊蜶,蚊蜶
蜶,U+8736,113安高.csv,675,例句,蚊蜶,例如：熱天騎車愛注意蚊蜶，得佢打著目珠會擘毋會開。
蜶,U+8736,113平高.csv,734,饒平客家語,蚊蜶仔,蚊蜶仔
蜶,U+8736,113平高.csv,734,例句,蚊蜶仔,例如：熱天騎車仔愛注意蚊蜶仔，分佢打著會擘毋開目。
蜶,U+8736,113海中高.csv,104,例句,目珠打著,例如：熱天時蚊蜶仔歸陣飛，騎車仔該下目珠打著，當痛。
蜶,U+8736,113海高.csv,735,海陸客家語,蚊蜶仔,蚊蜶仔
蜶,U+8736,113海高.csv,735,例句,蚊蜶仔,例如：熱天騎車仔愛注意蚊蜶仔，分佢打著會擘毋開目。
蜶,U+8736,20250630-南.csv,10861,相似詞,虻仔,蚊蜶仔
蜶,U+8736,20250630-四.csv,11108,相似詞,虻仔,蛢仔蚊蜶仔
蜶,U+8736,20250630-四.csv,17326,詞目,蚊蜶仔,蚊蜶仔
蜶,U+8736,20250630-四.csv,17326,例句,蚊蜶仔,例：臨暗仔去運動，會有當多蚊蜶仔在頭那頂飛來飛去。(（傍晚時去運動，會有很多搖蚊在頭上飛來飛去。）)
蜶,U+8736,20250630-大.csv,10734,相似詞,虻,蛢蚊蜶
蜶,U+8736,20250630-大.csv,17608,詞目,蚊蜶,蚊蜶
蜶,U+8736,20250630-大.csv,17608,例句,蚊蜶,例：臨暗邊去運動，會有當多蚊蜶在頭那頂飛來飛去。(（傍晚時去運動，會有很多搖蚊在頭上飛來飛去。）)
蜶,U+8736,20250630-安.csv,9349,相似詞,虻,蚊蜶
蜶,U+8736,20250630-安.csv,16065,例句,蚊螅,例：偎暗个時去運動，會有真多蚊蜶在頭那崠飛來飛去。(（傍晚時去運動，會有很多搖蚊在頭上飛來飛去。）)
蜶,U+8736,20250630-平.csv,11009,相似詞,虻仔,蚊蜶仔
蜶,U+8736,20250630-平.csv,17743,例句,蚊螅,例：臨暗邊去運動，會有當多蚊蜶在頭那頂飛來飛去。(（傍晚時去運動，會有很多搖蚊在頭上飛來飛去。）)
蜶,U+8736,20250630-海.csv,11130,相似詞,虻仔,蛢仔　蚊蜶仔
蜶,U+8736,20250630-海.csv,11565,例句,目絲絲,例：看你目絲絲，目珠分蚊蜶仔打著係無？(看你瞇著眼睛的樣子，被小飛蚊闖入眼睛嗎？)
蜶,U+8736,20250630-海.csv,17213,詞目,蚊蜶仔,蚊蜶仔
蜶,U+8736,20250630-海.csv,17213,例句,蚊蜶仔,例：臨暗仔去運動，會有當多蚊蜶仔在頭那頂飛來飛去。(（傍晚時去運動，會有很多搖蚊在頭上飛來飛去。）) 例：熱天時節个蚊蜶仔當惡，佢會穿過眠帳去咬人。(（夏天的小黑蚊很兇，牠會穿過蚊帳去叮人。）)
襎,U+894E,20250630-南.csv,2707,相似詞,㝗㝗㝩㝩,朗朗膨膨　𧟌𧟌襎襎
襎,U+894E,20250630-四.csv,2912,相似詞,朗朗膨膨,㝗㝗㝩㝩　𦒨𦒨襎襎
襎,U+894E,20250630-平.csv,2851,相似詞,朗朗膨膨,㝗㝗㝩㝩　𦒨𦒨襎襎　剌剌蹳蹳　㝗㝗膨膨
襎,U+894E,20250630-海.csv,2827,相似詞,朗朗膨膨,㝗㝗㝩㝩　𧟌𧟌襎襎
輰,U+8F30,20250630-海.csv,3102,相似詞,偷笑,偷輰
雭,U+96ED,113安中高.csv,624,詔安客家語,落雭雭雨,落雭雭雨
雭,U+96ED,113安中高.csv,624,例句,落雭雭雨,例如：外頭落雭雭雨，炙在禾埕个衫褲好攔緊去收入來。
雭,U+96ED,20250630-安.csv,14305,相似詞,雨浘,霢霂仔雭雭雨
雭,U+96ED,20250630-安.csv,14306,詞目,雭雭雨,雭雭雨
雭,U+96ED,20250630-安.csv,14306,例句,雭雭雨,例：外頭落雭雭雨啊，毋知會越落越大無？雨傘隨个好啦！(外面下起毛毛細雨了，不知道會不會越下越大？傘帶著吧！)
雭,U+96ED,20250630-安.csv,14576,詞目,落雭雭雨,落雭雭雨
韚,U+97DA,20250630-南.csv,18109,詞目,韌韚韚仔,韌韚韚仔
韚,U+97DA,20250630-南.csv,18109,例句,韌韚韚仔,例：你炒个大腸無得訣，韌韚韚仔噍毋綿，吞毋得落。(你炒的大腸沒有得到要領，柔韌嚼不爛，難以下嚥。)
骲,U+9AB2,113四高.csv,2789,四縣客家語,骲仔,骲仔
骲,U+9AB2,113四高.csv,2789,例句,骲仔,例「拷骲仔」表射擊。
骲,U+9AB2,113大高.csv,2780,大埔客家語,骲,骲
骲,U+9AB2,113大高.csv,2780,例句,骲,例「打骲」表射擊。
骲,U+9AB2,113平高.csv,2775,饒平客家語,骲仔,骲仔
骲,U+9AB2,113平高.csv,2775,例句,骲仔,例「拷骲仔」表射擊。
骲,U+9AB2,113海高.csv,2775,海陸客家語,骲仔,骲仔
骲,U+9AB2,113海高.csv,2775,例句,骲仔,例「拷骲仔」表射擊。
,U+E452,113大中.csv,503,大埔例句,網,蝲織網來捉蟲。<br>三日打魚，四日晒網。
,U+E452,113平中.csv,502,饒平例句,網,蝲織網來捉蟲仔（蟲／蟲仔）。<br>三日打魚，四日炙網。
,U+E452,113海中.csv,501,海陸例句,網,蝲織網來捉蟲仔。<br>三日打魚，四日晒網。
,U+E459,113海中.csv,338,海陸例句,嘴擘擘（嘴開開）,老弟一床就嘴擘擘討飯食。
,U+E463,20250630-四.csv,475,相似詞,生菇,生白菇　上烏　生狗屎毛
,U+E4D8,20250630-平.csv,4007,例句,滷卵,例：爌肉食忒咧，伸个湯做得提來滷卵、滷豆腐。(紅燒肉吃完了，剩下的湯汁可以用來滷蛋、滷豆腐。) 例：這隻飯仔除忒滷排骨摎青菜，還有合一粒滷卵，嶄然豐沛。(這個便當除了滷排骨和青菜，還附了一顆滷蛋，非常豐盛。)
,U+E548,113四中高.csv,1158,例句,面𢳆面竵（面𢳆鼻竵）,例如：該隻（個）後生人講佢毋得，一下仔就面面竵。
,U+E548,113海中高.csv,1156,例句,面𢳆面竵,例如：該隻後生人講佢毋得，一下仔就面面竵。
,U+E566,20250630-平.csv,17006,例句,扭肘,例：扭肘性个人做麼个就較毋決截，摎佢共下做事當悿。(（個性古怪的人做什麼都很不乾脆，與他一起工作非常累。）)
,U+E5A4,113平中高.csv,1140,例句,亮亮,例如：烏結𤊶个鑊頭，分𠊎鑪到亮亮金金。
,U+E700,20250630-四.csv,86,例句,堵堵好,例：今晡日兩儕堵堵好有閒，共下來去逛街好無？(今天我們兩人剛剛好有空，一起去逛街好嗎？)
,U+E700,20250630-四.csv,176,例句,過爐,例：王爺公過爐該下，隨香个人異多，當鬧熱喔！(王爺公過爐時，隨行的人很多，非常熱鬧喔！) 例：兜莊項个媽祖婆，逐年都愛轉北港去過爐。(我們村裡的媽祖婆，每年都要回到北港過爐。)
,U+E700,20250630-四.csv,301,例句,開基祖,例：徐姓个開基祖係雲崖公，到𠊎這代既經係二十世吔。(我們徐姓的開基祖是雲崖公，到我這代已經二十世了。)
,U+E700,20250630-四.csv,670,例句,山窩,例：下到山窩仔項有涼亭，做得在該歇睏一下。(下山到山凹處有涼亭，我們可以在那休息一下。)
,U+E700,20250630-四.csv,723,例句,元首,例：臺灣个元首，係人民投票選出來个。(我們臺灣的元首，是人民投票選出來的。)
,U+E700,20250630-四.csv,735,例句,公分,例：來比看啊，看你高𠊎幾多公分。(我們來比比看，看你比我高幾公分。)
,U+E700,20250630-四.csv,776,例句,分別,例：老弟到今都還毋會分別鴨仔同鵝仔。(弟弟至今都還不會分辨鴨子與鵝。) 例：平平係八十個銀个便當，敢會有麼个分別？(一樣是八十元的便當，會有什麼差別嗎？) 例：天光日俚就愛分別哩，愛較輒兜仔聯絡喔！(明天我們就要分開了，要常常聯絡喔！)
,U+E700,20250630-四.csv,830,例句,少數,例：這下係民主社會，少數人个意見，俚乜愛尊重。(現在是民主社會，少數人的意見，我們也要尊重。)
,U+E700,20250630-四.csv,859,例句,心專石穿,例：人若係肯專心做事，心專石穿，定著會成功。(我們如果肯專心做事，心專石穿，一定會成功。)
,U+E700,20250630-四.csv,954,例句,比賽,例：來比賽，看麼人較遽走到伯公下。(我們來比賽，看誰比較快跑到土地公廟。) 例：佢今晡日愛參加演講比賽，緊張到昨暗晡一夜無睡。(他今天要參加演講比賽，緊張得昨天晚上整晚都沒睡。)
,U+E700,20250630-四.csv,1019,例句,牛肉乾,例：个海關有規定，做毋得帶外國个牛肉乾入關。(我們的海關有規定，不能帶國外的牛肉乾入關。)
,U+E700,20250630-四.csv,1035,例句,主顧,例：阿賢伯係店項个主顧，乜係頭家个好朋友。(阿賢伯是我們店裡的常客，也是老闆的好朋友。)
,U+E700,20250630-四.csv,1168,例句,另日,例：聽講該隻位所異好尞，兜另日正去行看啊！(聽說那個地方很好玩，我們改天再去走走！)
,U+E700,20250630-四.csv,1189,例句,四言雜字,例：逐擺上客語課，先生都會教念一段四言雜字。(每次上客語課，老師都會教我們念一段四言雜字。)
,U+E700,20250630-四.csv,1249,例句,平手,例：今晡日挷大索，同隔壁班平手，愛比加一到。(今天拔河，我們和隔壁班平手，要再比一次。)
,U+E700,20250630-四.csv,1261,例句,平安戲,例：吾莊頭拜日做平安戲，共下來去看啊！(我的村莊星期天演出平安戲，我們一起來看吧！)
,U+E700,20250630-四.csv,1302,例句,打平過,例：公司今年無賺也無了，堵好打平過。(公司今年沒賺沒虧，剛好收支平衡。) 例：𠊎贏一場，你贏一場，兩儕打平過。(我贏一場，你贏一場，我們兩人平手。)
,U+E700,20250630-四.csv,1314,例句,本分,例：賢孝爺哀，係做人子女个本分。(孝敬父母，是我們為人子女的本分。)
,U+E700,20250630-四.csv,1388,例句,生命,例：逐條生命就當寶貴，愛好好珍惜。(每個生命都很珍貴，我們要好好珍惜。)
,U+E700,20250630-四.csv,1391,例句,生態,例：福壽螺係外來種，對臺灣个生態影響當大。(福壽螺是外來種，對我們臺灣的生態影響很大。)
,U+E700,20250630-四.csv,1441,例句,石油,例：苗栗个出磺坑，係臺灣盡早挖著有石油个位所。(苗栗的出礦坑，是我們臺灣最早開採到石油的地方。)
,U+E700,20250630-四.csv,1486,例句,光明,例：兜就愛畢業吔，祝福大家有光明个前途。(我們就要畢業了，祝福大家有光明的前途。) 例：做人做事光明公當，就毋使驚人講閒話。(做人做事光明公正，就不用怕別人說閒話。)
,U+E700,20250630-四.csv,1545,例句,名單,例：名單項个人係到齊，俚就做得開桌哩。(名單上的人要是到齊了，我們就可以開席了。)
,U+E700,20250630-四.csv,1845,例句,別位,例：這間鞋店賣个鞋還貴喔！去別位買好哩！(這間鞋店賣的鞋子好貴喔！我們去別的地方買吧！)
,U+E700,20250630-四.csv,1897,例句,岔路,例：兜怕昂山哩！行來行去又行轉共條岔路來吔。(我們可能迷路啦！走來走去又走回同一條岔路了。)
,U+E700,20250630-四.csv,1953,例句,灶下,例：阿姊在灶下變食，來去看有麼个好料仔。(姊姊在廚房弄吃的，我們去看有什麼好吃的東西。)
,U+E700,20250630-四.csv,2017,例句,事實,例：係無了解事實，就毋好儘採加講話。(我們若不了解事實，就不要隨便多說話。)
,U+E700,20250630-四.csv,2047,例句,協會,例：客家協會愛辦客話研習，來去報名參加好無？(客家協會要辦客語研習，我們去報名參加好嗎？)
,U+E700,20250630-四.csv,2075,例句,夜市仔,例：來去逛夜市仔，看愛食蚵仔煎抑係臭豆腐都做得。(我們去逛夜市，看要吃蚵仔煎還是臭豆腐都可以。)
,U+E700,20250630-四.csv,2107,例句,抽籤仔,例：吾倈仔今年愛考大學，𠊎愛去廟項抽籤仔問看考運好無。(我兒子今年要考大學，我要去廟裡抽籤看看考運好不好。) 例：上臺報告个順序，等下來抽籤仔決定。(上臺報告的順序，等一下我們來抽籤決定。)
,U+E700,20250630-四.csv,2207,例句,矺禮,例：阿德哥送一大籃梨仔來，愛用麼个來矺禮呢？(阿德哥送來一大籃梨子，我們要用什麼來回禮呢？)
,U+E700,20250630-四.csv,2211,例句,社區,例：个社區天光日有重陽敬老活動，共下來去鬥鬧熱啊！(我們的社區明天有重陽節敬老活動，一起去共襄盛舉吧！)
,U+E700,20250630-四.csv,2238,例句,上等,例：阿伯去韓國尞轉來，送一盒上等个參仔。(伯父去韓國玩回來，送給我們一盒上等的人參。)
,U+E700,20250630-四.csv,2247,例句,下屋,例：下屋阿泉伯做好事請人，共下來去畀請啊！(下頭阿泉伯那一家今天辦喜事請客，我們一起去吃喜酒吧！)
,U+E700,20250630-四.csv,2272,例句,口音,例：聽佢講話个口音，毋像本地人。(聽他說話的口音，不像是我們本地人。)
,U+E700,20250630-四.csv,2385,例句,芙蓉,例：這兜種个芙蓉係避邪、做藥用，同詩詞講个芙蓉共名無共樣。(我們種的芙蓉是避邪、做藥用，和詩詞說的芙蓉同名不同種。)
,U+E700,20250630-四.csv,2473,例句,保護,例：石虎仔係臺灣特有个動物，愛好好來保護。(石虎是臺灣特有的動物，我們要好好保護。) 例：同阿婆共下來去拜伯公，請佢保護你乖乖會大。(和奶奶一起去拜土地公，請祂保佑你乖乖長大。)
,U+E700,20250630-四.csv,2562,例句,政策,例：配合政府个「少紙化」政策，開會盡量用投影，莫印紙本。(配合政府的「少紙化」政策，我們開會盡量用投影，不要印紙本。)
,U+E700,20250630-四.csv,2625,例句,相輸,例：這隻螔螺仔係公个，毋信，來相輸！(這隻蝸牛是公的，不信，我們來打賭！)
,U+E700,20250630-四.csv,2642,例句,研究,例：王先生係醫學院个教授，佢專門研究心臟病治療个問題。(王先生是醫學院的教授，他專門研究心臟病治療的問題。) 例：做客家研究，愛去了解客家源流个問題。(做客家研究，要去了解客家源流的問題。) 例：來研究一下，看愛仰仔訂這契約正較妥當。(我們來商討一下，看要怎麼訂這個契約比較妥當。)
,U+E700,20250630-四.csv,2886,例句,捐血,例：聽講恁久血庫欠血，共下去捐血愛無？(聽說最近血庫缺血，我們一起去捐血好嗎？)
,U+E700,20250630-四.csv,3061,例句,茶亭,例：有兜人當好心，會擐茶去茶亭分過路个人食。(有些人很好心，會在茶亭準備茶給路過的人喝。) 例：頭前有茶亭，來去該買涼水，歇睏一下。(前面有茶亭，我們去那買冷飲，休息一下。)
,U+E700,20250630-四.csv,3078,例句,討論,例：尾牙該日愛表演麼个？來討論一下。(尾牙那天要表演什麼？我們來討論討論。)
,U+E700,20250630-四.csv,3095,例句,起風,例：起風吔！來去放紙鷂仔好無？(開始颳風了！我們去放風箏好嗎？) 例：事做到當起風該下，連地動就毋知。(工作做到起勁的時候，連地震都不知道。)
,U+E700,20250630-四.csv,3169,例句,假使,例：天光日假使係好天，就出來去蹶山。(明天如果是好天氣，我們就出去爬山。)
,U+E700,20250630-四.csv,3214,例句,問路,例：這條路緊行緊毋像吔，來去頭前个加油站問路。(這條路越走越不對勁了，我們去前面的加油站問路。)
,U+E700,20250630-四.csv,3262,例句,掃把星,例：新聞講這隻月天頂有掃把星，到時正看啊厥尾算來有像掃把無。(新聞說這個月天上有彗星，屆時我們再看看它的尾巴究竟像不像掃把。) 例：該隻掃把星，行到哪都摝衰人！(那個掃把星，走到哪都給人惹麻煩！)
,U+E700,20250630-四.csv,3364,例句,終點,例：來走相逐，看麼人先走到終點。(我們來賽跑，看誰先跑到終點。)
,U+E700,20250630-四.csv,3464,例句,報到,例：先去櫃檯報到、領資料，正入去會場坐。(我們先去櫃檯報到、領資料，再進去會場坐。)
,U+E700,20250630-四.csv,3556,例句,無親無戚,例：佢孤身一儕來臺灣做事，在這無親無戚，愛好好關心佢。(他孤身一人來臺灣工作，在這裡沒有親人，我們要好好關心他。)
,U+E700,20250630-四.csv,3682,例句,進行,例：看風搓進行个路線，應該毋會掃著臺灣正著。(看颱風行進的路線，應該不會掃到我們臺灣才對。) 例：頭家交代个工作，大家愛煞煞進行哦！(老闆交代的工作，大家要趕緊進行喔！)
,U+E700,20250630-四.csv,3701,例句,開基,例：阿公講，這條水个耕地，係俚个祖先在百零年前開基个。(祖父說，這條河的耕地，是我們的祖先在一百多年前奠基的。)
,U+E700,20250630-四.csv,3723,例句,間房,例：莊下个屋仔，樓頂樓下加加起來，總共有七隻間房。(我們鄉下的房子，樓上樓下加總起來，一共有七個房間。)
,U+E700,20250630-四.csv,3781,例句,意思,例：這計畫就照若意思進行，過程肚項係有問題，正來討論。(這計畫就照你的意思進行，過程之中要是有問題，我們再來討論。) 例：該句英文寫麼个？你知意思無？(那句英文寫什麼？你知道意思嗎？) 例：這篇報導紹介機器人个發展，內容讀起來當有意思。(這篇報導介紹機器人的發展，內容讀起來很有意思。) 例：講愛分𠊎請，又搶等去撿錢，實在還無意思哪！(說要讓我請，又搶著去付錢，真是不夠意思啊！) 例：去廟項拜喏，無講愛添幾多香油正算數，意思意思仔就好。(去廟裡拜拜，沒有規定要添多少香油錢才算數，意思意思就好。)
,U+E700,20250630-四.csv,3871,例句,義務,例：捐款這種事情毋係義務，各人隨意就好。(捐款這種事情不是義務，各人隨意就好。) 例：王先生異有心，逐個月都會轉家鄉義務同鄉親看病。(王醫師很有心，每個月都會回家鄉義務幫鄉親看病。) 例：照打个契約，三隻月以內交貨係你應當愛做著个義務。(照我們訂的契約，三個月之內交貨是你應該完成的義務。)
,U+E700,20250630-四.csv,3995,例句,過夜,例：頭一日愛先去機場附近仔過夜，正赴得著第二日打早个飛行機。(我們前一天要先去機場附近過夜，才趕得上第二天一早的飛機。)
,U+E700,20250630-四.csv,4001,例句,過問,例：細人仔會自家絡食吔，做爺哀个毋使過問忒多，省使賺著來愁。(小孩會自己謀生了，我們為人父母的不用過問太多，免得徒增煩惱。)
,U+E700,20250630-四.csv,4181,例句,大主大意,例：這件事情大人會打算，兜毋好大主大意。(這件事情大人會安排，我們不要自作主張。)
,U+E700,20250630-四.csv,4212,例句,天狗食月,例：暗晡夜有天狗食月，食飽夜出來去看。(今晚有月蝕，我們晚餐過後出去看。)
,U+E700,20250630-四.csv,4418,例句,衛生,例：該家店較衛生，去該位食。(那家店比較乾淨，我們去那裡吃。) 例：個人衛生當重要，係講緊嗽定著愛摎嘴揞仔戴起來。(個人衛生很重要，若一直咳一定要戴上口罩。)
,U+E700,20250630-四.csv,4570,釋義,歷史,1. 過去所有事件的總稱。人類一切活動及經驗的記錄。例：歷史就像一垤鏡仔，提供相像个例仔分俚參考。（歷史就像一面鏡子，提供相似的　2. 以歷史為研究對象的學科。
,U+E700,20250630-四.csv,4570,例句,歷史,例：歷史就像一垤鏡仔，提供相像个例仔分俚參考。(歷史就像一面鏡子，提供相似的例子供我們參考。) 例：佢在高中教歷史。(他在高中教歷史。)
,U+E700,20250630-四.csv,4609,例句,輸贏,例：這滿球賽麼人輸贏，你知無？(這局球賽誰輸或贏，你知道嗎？) 例：你講有，𠊎講無，來輸贏，輸个人辦一桌酒席請人(你說有，我說沒有，我們來賭輸贏，輸的人辦一桌酒席請客。)
,U+E700,20250630-四.csv,4686,例句,環境,例：俚學校个環境當好，適合在該位讀書。(我們學校的環境很好，很適合在那裏讀書。)
,U+E700,20250630-四.csv,4695,例句,總愛,例：你總愛先講清楚，大家正做得摎你𢯭手。(你必須先說清楚，大家才能幫你。) 例：兜總愛肯打拚，天下無難事，一定會成功！(我們只要肯努力，天下無難事，一定會成功！)
,U+E700,20250630-四.csv,4697,例句,總統,例：俚國家每四年選一擺總統。(我們國家每四年選一次總統。)
,U+E700,20250630-四.csv,4897,例句,護照,例：俚愛有外交部簽發个護照，正做得出國旅行。(我們要有外交部簽發的護照，才能出國旅行。)
,U+E700,20250630-四.csv,4905,例句,歡迎,例：路脣一蕊一蕊个花開到恁靚，就像在該歡迎俚來到這樣仔。(路邊一朵一朵的花開得這麼漂亮，就像在歡迎我們來到這裡一樣。)
,U+E700,20250630-四.csv,4912,例句,讀者,例：佢係俚學校電子報个忠實讀者。(他是我們學校電子報的忠實讀者。)
,U+E700,20250630-四.csv,11794,例句,語文,例：語文个發展，關係著文化个傳承，值得大家來研究。(（語文的發展，關係著文化的傳承，值得大家來研究。）) 例：學校逐年辦語文比賽，這班都拿第一名。(（學校每年舉辦語文比賽，我們班都拿第一名。）)
,U+E700,20250630-四.csv,15817,例句,做毋得,例：人講壞事做毋得，做一擺分人知著，一生人就擎頭毋起。(（常言道壞事不可做，做一次被人發現，一輩子都抬不起頭來。）) 例：愛愛護花木，做毋得儘採拗。(（我們要愛護花木，不可以隨便折斷。）)
,U+E700,20250630-大.csv,58,例句,搭碓,例：看電視無麼个搭碓，毋當去運動。(（看電視沒什麼意思，不如去運動。）) 例：兩儕講話恁無搭碓，不如莫講。(（我們兩人說話這麼沒有默契，不如不要講。）)
,U+E700,20250630-大.csv,84,例句,堵堵好,例：今晡日兩儕堵堵好有閒，共下來去踔街路好無？(（今天我們兩人剛剛好有空，一起去逛街好嗎？）)
,U+E700,20250630-大.csv,656,例句,山窩,例：落到山窩項有涼亭，等使得在該歇睏一下。(（下山到山凹處有涼亭，我們可以在那休息一下。）)
,U+E700,20250630-大.csv,709,例句,元首,例：臺灣个元首，係人民投票選出來个。(（我們臺灣的元首，是人民投票選出來的。）)
,U+E700,20250630-大.csv,721,例句,公分,例：來比下看，看你高𠊎幾多公分。(（我們來比比看，看你比我高幾公分。）)
,U+E700,20250630-大.csv,814,例句,少數,例：這下係民主社會，少數人个意見，等乜愛尊重。(（現在是民主社會，少數人的意見，我們也要尊重。）)
,U+E700,20250630-大.csv,843,例句,心專石穿,例：心專石穿，人若係肯專心做事，定著會成功。(（心專石穿，我們如果肯專心做事，一定會成功。）)
,U+E700,20250630-大.csv,929,例句,比賽,例：來比賽，看麼人較遽走到伯公下。(（我們來比賽，看誰比較快跑到土地公廟。）) 例：今晡日佢愛參加演講比賽，緊張去昨暗晡一夜無睡。(（今天他要參加演講比賽，緊張得昨天晚上整晚都沒睡。）)
,U+E700,20250630-大.csv,990,例句,牛肉乾,例：等个海關有規定，使毋得帶外國个牛肉乾入關。(（我們的海關有規定，不能帶國外的牛肉乾入關。）)
,U+E700,20250630-大.csv,1005,例句,主顧,例：阿賢伯係店項个主顧，乜係頭家个好朋友。(（阿賢伯是我們店裡的常客，也是老闆的好朋友。）)
,U+E700,20250630-大.csv,1207,例句,平手,例：今晡日挷大索，同隔壁班平手，愛比加一到。(（今天拔河，我們和隔壁班平手，要再比一次。）)
,U+E700,20250630-大.csv,1219,例句,平安戲,例：吾莊頭這禮拜日做平安戲，共下來去看！(（我的村莊這星期天演出平安戲，我們一起去看！）)
,U+E700,20250630-大.csv,1259,例句,打平過,例：公司今年無賺也無了，堵好打平過。(（公司今年沒賺沒虧，剛好收支平衡。）) 例：𠊎贏一場，你贏一場，兩儕打平過。(（我贏一場，你贏一場，我們兩人平手。）)
,U+E700,20250630-大.csv,1270,例句,本分,例：賢孝爺哀，係做人子女个本分。(（孝敬父母，是我們為人子女的本分。）)
,U+E700,20250630-大.csv,1343,例句,生命,例：逐條生命都當寶貴，愛好好珍惜。(（每個生命都很珍貴，我們要好好珍惜。）) 例：政治人物講話若無老實，厥政治生命斯毋長久。(（政治人物說話若沒信用，他的政治生命就不會長久。）)
,U+E700,20250630-大.csv,1346,例句,生態,例：福壽螺係外來種，對臺灣个生態影響當大。(（福壽螺是外來種，對我們臺灣的生態影響很大。）)
,U+E700,20250630-大.csv,1388,例句,石油,例：苗栗个出磺坑，係臺灣盡早挖著石油个位所。(（苗栗的出礦坑，是我們臺灣最早開採到石油的地方。）)
,U+E700,20250630-大.csv,1433,例句,光明,例：等快愛畢業咧，祝福大家有光明个前途。(（我們就要畢業了，祝福大家有光明的前途。）) 例：做人做事光明正當，斯毋使驚人講閒話。(（做人做事光明正大，就不用怕別人說閒話。）)
,U+E700,20250630-大.csv,1491,例句,名單,例：名單項个人若係到齊，等斯使得開桌咧。(（名單上的人要是到齊了，我們就可以開席了。）)
,U+E700,20250630-大.csv,1773,例句,別位,例：這間鞋店賣个鞋還貴喔！等去別位買好咧！(（這間鞋店賣的鞋子好貴喔！我們去別的地方買吧！）)
,U+E700,20250630-大.csv,1937,例句,事實,例：係無了解事實，斯毋好儘採加講話。(（我們若不了解事實，就不要隨便多說話。）)
,U+E700,20250630-大.csv,2114,例句,知己,例：知己毋使多，若係有幾個，斯福蔭得一生人咧。(（知己不用多，只要幾個，就讓我們一輩子受用不盡了。）)
,U+E700,20250630-大.csv,2118,例句,矺禮,例：阿德哥送一大籃梨來，愛回麼个矺禮較好呢？(（阿德哥送來一大籃梨子，我們要用什麼來回禮才好呢？）)
,U+E700,20250630-大.csv,2122,例句,社區,例：个社區天光有重陽敬老活動，共下來去鬥鬧熱啦！(（我們的社區明天有重陽節敬老活動，一起去共襄盛舉吧！）)
,U+E700,20250630-大.csv,2148,例句,上等,例：阿伯去韓國尞轉來，送分一盒上等个參。(（伯父去韓國玩回來，送給我們一盒上等的人參。）)
,U+E700,20250630-大.csv,2156,例句,下屋,例：下屋阿泉伯做好事請人，共下來去畀請啊！(（下頭阿泉伯那一家今天辦喜事請客，我們一起去吃喜酒吧！）)
,U+E700,20250630-大.csv,2179,例句,口音,例：聽佢講話个口音，毋像本地人。(（聽他說話的口音，不像是我們本地人。）)
,U+E700,20250630-大.csv,2288,例句,芙蓉,例：這兜種个芙蓉係避邪、做藥用，同詩詞項講个芙蓉共名無共種。(（我們種的芙蓉是避邪、做藥用，和詩詞裡說的芙蓉同名不同種。）)
,U+E700,20250630-大.csv,2368,例句,保護,例：石虎係臺灣特有个動物，等愛好好來保護佢。(（石虎是臺灣特有的動物，我們要好好保護牠。）) 例：同阿奶共下來去拜伯公，請佢保護你乖乖會大。(（和奶奶一起去拜土地公，請祂保佑你乖乖長大。）)
,U+E700,20250630-大.csv,2454,例句,政策,例：配合政府个「少紙化」政策，開會盡量用投影，莫印紙本。(（配合政府的「少紙化」政策，我們開會盡量用投影，不要印紙本。）)
,U+E700,20250630-大.csv,2514,例句,相輸,例：這隻蝓螺係公个，毋信，來相輸！(（這隻蝸牛是公的，不信，我們來打賭！）)
,U+E700,20250630-大.csv,2532,例句,研究,例：王先生係醫學院个教授，佢專門研究心臟病治療个問題。(（王先生是醫學院的教授，他專門研究心臟病治療的問題。）) 例：做客家研究，愛去了解客家源流个問題。(（做客家研究，要去了解客家源流的問題。）) 例：來研究一下，看愛仰脣訂這契約正較妥當。(（我們來商討一下，看要怎麼訂這個契約比較妥當。）)
,U+E700,20250630-大.csv,2937,例句,討論,例：尾牙該日愛表演麼个？來討論一下。(（尾牙那天要表演什麼？我們來討論討論。）)
,U+E700,20250630-大.csv,2954,例句,起風,例：起風咧！來去放紙鷂好無？(（開始颳風了！我們去放風箏好嗎？）)
,U+E700,20250630-大.csv,3023,例句,假使,例：天光日假使係好天，斯來去跋山。(（明天如果是好天氣，我們就出去爬山。）)
,U+E700,20250630-大.csv,3068,例句,問路,例：這條路緊行緊毋像咧，等來去頭前个加油站問路。(（這條路越走越不對勁了，我們去前面的加油站問路。）)
,U+E700,20250630-大.csv,3107,例句,徙位,例：這位恁箭日，來徙位坐。(（這裡陽光直射，我們換個地方坐。）)
,U+E700,20250630-大.csv,3115,例句,掃把星,例：新聞講這個月天頂有掃把星，到時正看厥尾算來有像掃把無。(（新聞說這個月天上有彗星，屆時我們再看看它的尾巴究竟像不像掃把。）) 例：該個掃把星，行到哪都摝衰人！(（那個掃把星，走到哪都給人惹麻煩！）)
,U+E700,20250630-大.csv,3213,例句,終點,例：等來走相逐，看麼人先走到終點。(（我們來賽跑，看誰先跑到終點。）)
,U+E700,20250630-大.csv,3307,例句,報到,例：等先去櫃檯報到、領資料，正入去會場坐。(（我們先去櫃檯報到、領資料，再進去會場坐。）)
,U+E700,20250630-大.csv,3394,例句,無親無戚,例：佢孤身一儕來臺灣做事，在這無親無戚，愛好好關心佢。(（他孤身一人來臺灣工作，在這裡沒有親人，我們要好好關心他。）) 例：這個人無親無戚，見人做麼个佢都毋識相𢯭。(（這個人冷漠無情，人家做什麼他都不曾相幫。）)
,U+E700,20250630-大.csv,3420,例句,發明,例：吂有發明電火進前，人暗晡頭大勢早早斯睡目咧。(（還沒發明電燈之前，人們晚上大多老早就睡了。）) 例：這擺𠊎去遶科技展，看著有當多奇巧个發明。(（這次我去逛科技展，看到許多新奇巧妙的發明。）)
,U+E700,20250630-大.csv,3513,例句,進行,例：看風搓進行个路線，應該毋會掃著臺灣正著。(（看颱風行進的路線，應該不會掃到我們臺灣才對。）) 例：頭家交代个事，大家愛遽遽進行哦！(（老闆交代的工作，大家要趕緊進行喔！）)
,U+E700,20250630-大.csv,3532,例句,開基,例：阿爹講，等个祖公來臺到這開基，差毋多有兩百零年咧！(（祖父說，我們的祖先來臺到這開基立業，差不多有兩百多年了。）)
,U+E700,20250630-大.csv,3553,例句,間房,例：等莊下个屋，樓頂樓下加加起來，總共有七間間房。(（我們鄉下的房子，樓上樓下加總起來，一共有七個房間。）)
,U+E700,20250630-大.csv,3607,例句,意思,例：這計畫斯照若意思進行，過程肚若係有問題，正來討論。(（這計畫就照你的意思進行，過程之中要是有問題，我們再來討論。）) 例：該句英文寫麼个？你知意思無？(（那句英文寫什麼？你知道意思嗎？）) 例：這篇報導紹介機器人个發展，內容讀來當有意思。(（這篇報導介紹機器人的發展，內容讀起來很有意思。）) 例：講愛分𠊎請，又搶緊去撿錢，實在還無意思哪！(（說要讓我請，又搶著去付錢，真是不夠意思啊！）) 例：去廟項拜喏，添幾多油香錢無計較，意思意思斯好。(（去廟裡拜拜，沒有規定要添多少香油錢，意思意思就好。）)
,U+E700,20250630-大.csv,3689,例句,義務,例：捐錢這種事情毋係義務，各人隨意斯好。(（捐款這種事情不是義務，各人隨意就好。）) 例：王先生已有心，逐個月都會轉家鄉義務同鄉親看病。(（王醫師很有心，每個月都會回家鄉義務幫鄉親看病。）) 例：照打个契約，三個月以內交貨係你應當愛做著个義務。(（照我們訂的契約，三個月之內交貨是你應該完成的義務。）)
,U+E700,20250630-大.csv,3809,例句,過夜,例：頭一日愛先去機場附近過夜，正赴得著第二日打早个飛行機。(（我們前一天要先去機場附近過夜，才趕得上第二天一早的飛機。）)
,U+E700,20250630-大.csv,3815,例句,過問,例：細人會自家賺來食咧，做爺哀个毋使過問忒多，省使趁愁。(（小孩會自己謀生了，我們為人父母的不用過問太多，免得徒增煩惱。）)
,U+E700,20250630-大.csv,3943,例句,網路,例：這下用網路聯絡當利便，人斯較少打電話、寄信咧。(（現在用網路聯絡很方便，人們就比較少打電話、郵寄信件了。）)
,U+E700,20250630-大.csv,3982,例句,大主大意,例：這件事大人會打算，等毋好大主大意。(（這件事情大人會安排，我們不要自作主張。）)
,U+E700,20250630-大.csv,4012,例句,天狗食月,例：暗晡夜有天狗食月，食飽夜出來去看。(（今晚有月蝕，我們晚餐過後出去看。）)
,U+E700,20250630-大.csv,4058,例句,入新屋,例：佢下個月入新屋，等共下來去分佢請。(（他下個月新居落成，我們一道去作客。）)
,U+E700,20250630-大.csv,4095,例句,夜市,例：來去遶夜市，看愛食蚵煎抑係食臭豆腐都使得。(（我們去逛夜市，看要吃蚵仔煎還是吃臭豆腐都可以。）)
,U+E700,20250630-大.csv,4217,例句,抽籤,例：吾倈今年愛考大學，𠊎愛來去廟項抽籤問看考運好無。(（我兒子今年要考大學，我要去廟裡抽籤看看考運好不好。）) 例：上臺報告个順序，等下來抽籤決定。(（上臺報告的順序，等一下我們來抽籤決定。）)
,U+E700,20250630-大.csv,4392,例句,衛生,例：該間大麵店較衛生，去該位食。(（那家麵店比較乾淨，我們去那裡吃。）) 例：個人衛生當重要，係講緊嗽定著愛揞嘴揞。(（個人衛生很重要，若一直咳一定要戴上口罩。）)
,U+E700,20250630-大.csv,4531,例句,歷史,例：歷史斯像一垤鏡，提供相像个例分等參考。(（歷史就像一面鏡子，提供相似的例：歷史斯像一垤鏡，提供相像个例分等參考。（歷史就像一面鏡子，提供相似的例子供我們參考。）) 例：佢在高中教歷史。(（他在高中教歷史。）)
,U+E700,20250630-大.csv,4565,例句,輸贏,例：辦趣味競賽个目的係聯絡感情，無分輸贏，歡喜斯好。(（舉辦趣味競賽的目的是聯絡感情，沒分輸或贏，高興就好。）) 例：你講有，𠊎講無，來輸贏，輸个人辦一桌酒席請人。(（你說有，我說沒有，我們來賭輸贏，輸的人辦一桌酒席請客。）)
,U+E700,20250630-大.csv,4617,例句,應該,例：隨手做環保係等大家都應該做个事。(（隨手做環保是我們大家都應該做的事。）)
,U+E700,20250630-大.csv,4647,例句,總統,例：等國家每四年選一擺總統。(（我們國家每四年選一次總統。）)
,U+E700,20250630-大.csv,4829,例句,護照,例：等愛有外交部簽發个護照，正使得出國旅行。(（我們要有外交部簽發的護照，才能出國旅行。）)
,U+E700,20250630-大.csv,4835,例句,歡迎,例：路脣一蕊一蕊个花開來恁靚，斯像在該歡迎等來到這項个樣。(（路邊一朵一朵的花開得這麼漂亮，就像在歡迎我來到這裡一樣。）) 例：吾該位項八月半做戲，歡迎大家來看戲（我那邊中秋節演平安戲，歡迎大家來看戲。
,U+E700,20250630-大.csv,15449,例句,著作,例：等愛感謝著作个人，分等有恁多好文章看。(（我們要感謝寫作者，讓我們有這麼多好文章看。）) 例：該個作者當有名，厥逐本著作都當有銷頭。(（那個作者很有名，他每本著作都很受歡迎。）)
,U+E700,20250630-安.csv,76,例句,堵堵好,例：今日人兩儕堵堵好有閒，共下來去踅街好無？(今天我們兩人剛剛好有空，一起去逛街好嗎？)
,U+E700,20250630-安.csv,275,例句,開基祖,例：徐姓个開基祖係雲崖公，到𠊎這代已經係二十世啊。(我們徐姓的開基祖是雲崖公，到我這代已經二十世了。)
,U+E700,20250630-安.csv,626,例句,山窩,例：落到山窩有涼亭，會用在遐歇睏一下。(下山到山凹處有涼亭，我們可以在那休息一下。)
,U+E700,20250630-安.csv,679,例句,元首,例：人臺灣个元首，係百姓投票選出來个。(我們臺灣的元首，是人民投票選出來的。)
,U+E700,20250630-安.csv,691,例句,公分,例：人來比䀴望，䀴你高𠊎幾多公分。(我們來比比看，看你比我高幾公分。)
,U+E700,20250630-安.csv,732,例句,分別,例：阿弟到今都猶毋會曉分別鴨和鵝。(弟弟至今都還不會分辨鴨子與鵝。) 例：平平係八十箍个飯包，敢會有麼个分別？(一樣是八十元的便當，會有什麼差別嗎？) 例：韶日人即愛分別啊，愛較輒聯絡喔！(明天我們就要分離了，要常常聯絡喔！)
,U+E700,20250630-安.csv,784,例句,少數,例：這滿係民主社會，少數人个意見，人嘛愛尊重。(現在是民主社會，少數人的意見，我們也要尊重。)
,U+E700,20250630-安.csv,813,例句,心專石穿,例：心專石穿，人若係肯專心做事，定著會成功。(心專石穿，我們如果肯專心做事，一定會成功。)
,U+E700,20250630-安.csv,900,例句,比賽,例：來比賽，䀴麼儕較緊走到伯公下。(我們來比賽，看誰比較快跑到土地公廟。) 例：佢今日愛參加演講比賽，緊張到昨暗一夜無睡。(他今天要參加演講比賽，緊張得昨天晚上整晚都沒睡。)
,U+E700,20250630-安.csv,960,例句,牛肉乾,例：个海關有規定，毋會用抸外國个牛肉乾入關。(我們的海關有規定，不能帶國外的牛肉乾入關。)
,U+E700,20250630-安.csv,975,例句,主顧,例：阿賢伯係店个主顧，嘛係頭家个好朋友。(阿賢伯是我們店裡的常客，也是老闆的好朋友。)
,U+E700,20250630-安.csv,1101,例句,另日,例：聽講遐個所在真好尞，人另日正去行行个！(聽說那個地方很好玩，我們改天再去走走！)
,U+E700,20250630-安.csv,1122,例句,四言雜字,例：逐擺上客事課，先生攏會教人念一段四言雜字。(每次上客語課，老師都會教我們念一段四言雜字。)
,U+E700,20250630-安.csv,1181,例句,平手,例：今日揪大索，和隔壁班平手，愛擱比一擺。(今天拔河，我們和隔壁班平手，要再比一次。)
,U+E700,20250630-安.csv,1193,例句,平安戲,例：𠊎个莊頭禮拜日做平安戲，共下來去䀴啦！(我的村莊星期天演出平安戲，我們一起來看吧！)
,U+E700,20250630-安.csv,1233,例句,打平過,例：公司今年無趁嘛無了，堵好打平過。(公司今年沒賺沒虧，剛好收支平衡。) 例：𠊎贏一場，你贏一場，兩儕打平過。(我贏一場，你贏一場，我們兩人平手。)
,U+E700,20250630-安.csv,1244,例句,本分,例：賢孝爺哀，係做人子女个本分。(孝敬父母，是我們為人子女的本分。)
,U+E700,20250630-安.csv,1316,例句,生育,例：佢个子宮內底檢查著一粒瘤，好得毋會影響生育。(她的子宮裡發現一顆腫瘤，幸好不會影響生育。) 例：大自然生育萬物，人愛知敬天、感恩和惜福。(大自然生養萬物，我們要懂得敬天、感恩和惜福。)
,U+E700,20250630-安.csv,1317,例句,生命,例：逐條生命攏真寶貴，愛好好寶惜。(每個生命都很珍貴，我們要好好珍惜。) 例：佢對少年開始從政，到七十歲正退休，政治生命真長。(他從年輕開始從政，到七十歲才退休，政治生命很長。)
,U+E700,20250630-安.csv,1320,例句,生態,例：福壽螺係外來種，對臺灣个生態影響真大。(福壽螺是外來種，對我們臺灣的生態影響很大。)
,U+E700,20250630-安.csv,1362,例句,石油,例：苗栗个出磺坑，係臺灣頭早耬著有石油个所在。(苗栗的出磺坑，是我們臺灣最早開採到石油的地方。)
,U+E700,20250630-安.csv,1406,例句,光明,例：人即討出業啊，祝福大家有光明个前途。(我們就要畢業了，祝福大家有光明的前途。) 例：做人做事光明公正，即毋使驚人講閒事。(做人做事光明公正，就不用怕別人說閒話。)
,U+E700,20250630-安.csv,1464,例句,名單,例：名單面上个人若係到齊，人就會用開桌啊。(名單上的人要是到齊了，我們就可以開席了。)
,U+E700,20250630-安.csv,1748,例句,別位,例：這間鞋店賣个鞋足貴个！去別位買好啊！(這間鞋店賣的鞋子好貴喔！我們去別的地方買吧！)
,U+E700,20250630-安.csv,1799,例句,岔路,例：人驚係昂山啊！行來行去又行轉共條岔路來啊。(我們可能迷路啦！走來走去又走回同一條岔路了。)
,U+E700,20250630-安.csv,1853,例句,灶下,例：阿姊在灶下變食，來去䀴有麼个好料个。(姊姊在廚房弄吃的，我們去看有什麼好吃的東西。)
,U+E700,20250630-安.csv,1915,例句,事實,例：若無了解事實，就毋好儘採加講事。(我們若不了解事實，就不要隨便多說話。)
,U+E700,20250630-安.csv,1945,例句,協會,例：客家協會討辦客事研習，來去報名參加好無？(客家協會要辦客語研習，我們去報名參加好嗎？)
,U+E700,20250630-安.csv,2100,例句,矺禮,例：阿德哥送一大籃梨來，愛用麼个來矺禮呢？(阿德哥送來一大籃梨子，我們要用什麼來回禮呢？)
,U+E700,20250630-安.csv,2104,例句,社區,例：个社區韶日有重陽敬老活動，共下來去鬥鬧熱啦！(我們的社區明天有重陽節敬老活動，一起去共襄盛舉吧！)
,U+E700,20250630-安.csv,2138,例句,下屋,例：下屋阿泉伯鬧熱辦桌請人，共下來去得佢請啊！(下頭阿泉伯那一家今天辦喜事請客，我們一起去吃喜酒吧！)
,U+E700,20250630-安.csv,2162,例句,口音,例：聽佢講事个口音，無像係人在地人。(聽他說話的口音，不像是我們本地人。)
,U+E700,20250630-安.csv,2267,例句,芙蓉,例：這兜種个芙蓉係避邪、做藥用，和詩詞講个芙蓉共名無共種。(我們種的芙蓉是避邪、做藥用，和詩詞說的芙蓉同名不同種。)
,U+E700,20250630-安.csv,2348,例句,保護,例：石虎係臺灣特有个動物，愛好好來保護。(石虎是臺灣特有的動物，我們要好好保護。) 例：和阿媽共下來去拜伯公，請伯公保護你乖乖會大漢。(和奶奶一起去拜土地公，請土地公保佑你乖乖長大。)
,U+E700,20250630-安.csv,2433,例句,政策,例：配合政府个「少紙化」政策，開會盡量用投影，莫印紙本。(配合政府的「少紙化」政策，我們開會盡量用投影，不要印紙本。)
,U+E700,20250630-安.csv,2492,例句,相輸,例：這粒露螺係公个，毋信，來相輸！(這隻蝸牛是公的，不信，我們來打賭！)
,U+E700,20250630-安.csv,2509,例句,研究,例：王先生係醫學院个教授，佢專門研究心臟病治療个問題。(王先生是醫學院的教授，他專門研究心臟病治療的問題。) 例：做客家研究，愛去了解客家源流个問題。(做客家研究，要去了解客家源流的問題。) 例：來研究一下，䀴愛仰子訂這契約正較妥當。(我們來商討一下，看要怎麼訂這個契約比較妥當。)
,U+E700,20250630-安.csv,2738,例句,捐血,例：聽講這站血庫欠血，共下來去捐血好無？(聽說最近血庫缺血，我們一起去捐血好嗎？)
,U+E700,20250630-安.csv,2902,例句,茶亭,例：有一兜人真好心，會擐茶去茶亭得過路个人食。(有些人很好心，會在茶亭準備茶給路過的人喝。) 例：頭前有茶亭，來去遐買涼水，歇睏一下。(前面有茶亭，我們去那買冷飲，休息一下。)
,U+E700,20250630-安.csv,2917,例句,討論,例：尾牙遐日討表演麼个？來討論一下。(尾牙那天要表演什麼？我們來討論討論。)
,U+E700,20250630-安.csv,2934,例句,起風,例：起風啊！來去放紙鳶好無？(開始颳風了！我們去放風箏好嗎？)
,U+E700,20250630-安.csv,3003,例句,假使,例：韶日假使係好天，即來去跋山。(明天如果是好天氣，我們就去爬山。)
,U+E700,20250630-安.csv,3046,例句,問路,例：這條路愈行愈毋像啊，來去頭前个加油站問路。(這條路越走越不對勁了，我們去前面的加油站問路。)
,U+E700,20250630-安.csv,3094,例句,掃把星,例：新聞講這個月天崠有掃把星，到時正䀴佢个尾鬥底有成掃把無。(新聞說這個月天上有彗星，屆時我們再看看它的尾巴究竟像不像掃把。) 例：遐個掃把星，行到哪位都帶衰人！(那個掃把星，走到哪都給人惹麻煩！)
,U+E700,20250630-安.csv,3193,例句,終點,例：來走相躐，䀴麼儕先走到終點。(我們來賽跑，看誰先跑到終點。)
,U+E700,20250630-安.csv,3288,例句,報到,例：先去櫃檯報到、領資料，正入去會場坐。(我們先去櫃檯報到、領資料，再進去會場坐。)
,U+E700,20250630-安.csv,3374,例句,無親無戚,例：佢孤身一儕來臺灣做事，在這無親無戚，愛好好關心佢。(他孤身一人來臺灣工作，在這裡沒有親人，我們要好好關心他。)
,U+E700,20250630-安.csv,3493,例句,進行,例：䀴颱風進行个路線，應該毋會掃著臺灣正著。(看颱風行進的路線，應該不會掃到我們臺灣才對。) 例：頭家交代个工作，大家愛煞煞進行哦！(老闆交代的工作，大家要趕緊進行喔！)
,U+E700,20250630-安.csv,3512,例句,開基,例：阿公講，人个祖先來臺到這開基，差不多有兩百外年啊！(祖父說，我們的祖先來臺到這開基立業，差不多有兩百多年了。)
,U+E700,20250630-安.csv,3533,例句,間房,例：莊下个屋，樓崠樓下加加起來，攏總有七間間房。(我們鄉下的房子，樓上樓下加總起來，一共有七個房間。)
,U+E700,20250630-安.csv,3588,例句,意思,例：這個計畫即照你个意思進行，過程中若有問題，正來討論。(這計畫就照你的意思進行，過程之中要是有問題，我們再來討論。) 例：遐句英文寫麼个？你知意思無？(那句英文寫什麼？你知道意思嗎？) 例：這篇報導紹介機器人个發展，內容讀起來真有意思。(這篇報導介紹機器人的發展，內容讀起來很有意思。) 例：講討得𠊎請，又搶緊去納錢，實在真無意思啊！(說要讓我請，又搶著去付錢，真是不夠意思啊！) 例：去廟拜喏，無講愛添幾多香油正算數，意思意思即好。(去廟裡拜拜，沒有規定要添多少香油錢才算數，意思意思就好。)
,U+E700,20250630-安.csv,3667,例句,義務,例：捐款這種事情毋係義務，各人隨意就好。(捐款這種事情不是義務，各人隨意就好。) 例：王先生真有心，逐個月攏會轉家鄉義務替鄉親䀴病。(王醫師很有心，每個月都會回家鄉義務幫鄉親看病。) 例：照打个契約，三個月內交貨係你應當愛做好个義務。(照我們訂的契約，三個月之內交貨是你應該完成的義務。)
,U+E700,20250630-安.csv,3786,例句,過夜,例：前一日愛先去機場附近過夜，正赴會著第二日打早个飛機。(我們前一天要先去機場附近過夜，才趕得上第二天一早的飛機。)
,U+E700,20250630-安.csv,3792,例句,過問,例：細子會自家絡食啊，做爺哀个毋使過問忒多，省得擘心。(小孩會自己謀生了，我們為人父母的不用過問太多，免得煩惱。)
,U+E700,20250630-安.csv,3951,例句,大主大意,例：這件事情大人會打算，人毋好大主大意。(這件事情大人會安排，我們不要自作主張。)
,U+E700,20250630-安.csv,3980,例句,天狗食月,例：暗夜有天狗食月，食暗飽出來去䀴。(今晚有月蝕，我們晚餐過後出去看。)
,U+E700,20250630-安.csv,4058,例句,夜市,例：來去踅夜市，䀴討食蚵仔煎抑係臭豆腐攏會用。(我們去逛夜市，看要吃蚵仔煎還是臭豆腐都可以。)
,U+E700,20250630-安.csv,4394,例句,衛生,例：遐間店較衛生，人去遐位食。(那家店比較乾淨，我們去那裡吃。) 例：個人衛生真重要，若係講直直嗽，定著愛拁嘴揞戴起來。(個人衛生很重要，若一直咳，一定要戴上口罩。)
,U+E700,20250630-安.csv,4534,釋義,歷史,1. 過去所有事件的總稱。人類一切活動及經驗的記錄。例：歷史即像一面鏡，提供相像个例得人參考。（歷史就像一面鏡子，提供相似的　2. 以歷史為研究對象的學科。
,U+E700,20250630-安.csv,4534,例句,歷史,例：歷史即像一面鏡，提供相像个例得人參考。(歷史就像一面鏡子，提供相似的例子供我們參考。) 例：佢在高中教歷史。(他在高中教歷史。)
,U+E700,20250630-安.csv,4568,例句,輸贏,例：這滿球賽麼儕輸贏，你知無？(這局球賽誰輸或贏，你知道嗎？) 例：你講有，𠊎講無，來輸贏，輸个人辦一桌請人。(你說有，我說沒有，我們來賭輸贏，輸的人辦一桌酒席請客。)
,U+E700,20250630-安.csv,4618,例句,應該,例：隨手做環保係人大家都應該做个事。(隨手做環保是我們大家都應該做的事。)
,U+E700,20250630-安.csv,4637,例句,環境,例：人學校个環境真好，真適合在遐位讀書。(我們學校的環境很好，很適合在那裏讀書。)
,U+E700,20250630-安.csv,4646,例句,總愛,例：你總愛先講清楚，大家正會用拁你鬥相共。(你總要先說清楚，大家才能幫你。) 例：人總愛肯打拚，天下無難事！(我們只要肯努力，天下無難事！)
,U+E700,20250630-安.csv,4648,例句,總統,例：人國家見四年選一擺總統。(我們國家每四年選一次總統。)
,U+E700,20250630-安.csv,4829,例句,護照,例：人愛有外交部簽發个護照，正會用出國旅行。(我們要有外交部簽發的護照，才能出國旅行。)
,U+E700,20250630-安.csv,4842,例句,讀者,例：佢係人學校電子報个忠實讀者。(他是我們學校電子報的忠實讀者。)
,U+E700,20250630-安.csv,5001,例句,巴士,例：這班巴士恁多人，人猶係等後次班好啊！(（這班公共汽車很多人，我們還是等下一班好了！）)
,U+E700,20250630-平.csv,83,例句,堵堵好,例：今晡日兩儕堵堵好有閒，共下來去逛街好無？(今天我們兩人剛剛好有空，一起去逛街好嗎？)
,U+E700,20250630-平.csv,709,例句,元首,例：臺灣个元首，係人民投票選出來个。(我們臺灣的元首，是人民投票選出來的。)
,U+E700,20250630-平.csv,721,例句,公分,例：來比䀴啊，䀴你高𠊎幾多公分。(我們來比比看，看你比我高幾公分。)
,U+E700,20250630-平.csv,762,例句,分別,例：老弟到今都還毋會分別鴨仔摎鵝仔。(弟弟至今都還不會分辨鴨子與鵝。) 例：平平係八十個銀个便當，敢會有麼个分別？(一樣是八十元的便當，會有什麼差別嗎？) 例：韶早俚就愛分別咧，愛較輒聯絡喔！(明天我們就要分離了，要常常聯絡喔！)
,U+E700,20250630-平.csv,814,例句,少數,例：這下係民主社會，少數人个意見，俚乜愛尊重。(現在是民主社會，少數人的意見，我們也要尊重。)
,U+E700,20250630-平.csv,843,例句,心專石穿,例：心專石穿，人若係肯專心做事，定著會成功。(心專石穿，我們如果肯專心做事，一定會成功。)
,U+E700,20250630-平.csv,933,例句,比賽,例：來比賽，䀴麼人較遽走到伯公下。(我們來比賽，看誰比較快跑到土地公廟。) 例：佢今晡日愛參加演講比賽，緊張到昨暗晡一夜無睡。(他今天要參加演講比賽，緊張得昨天晚上整晚都沒睡。)
,U+E700,20250630-平.csv,1012,例句,主顧,例：阿賢伯係店項个主顧，乜係頭家个好朋友。(阿賢伯是我們店裡的常客，也是老闆的好朋友。)
,U+E700,20250630-平.csv,1017,例句,主辦,例：這場研討會係俚學會主辦个，歡迎大家來參加。(這場研討會是我們學會主辦的，歡迎大家來參加。)
,U+E700,20250630-平.csv,1140,例句,另日,例：聽講該隻位所異好尞，兜另日正去行䀴啊！(聽說那個地方很好玩，我們改天再去走走！)
,U+E700,20250630-平.csv,1161,例句,四言雜字,例：逐擺上客語課，先生都會教念一段四言雜字。(每次上客語課，老師都會教我們念一段四言雜字。)
,U+E700,20250630-平.csv,1221,例句,平手,例：今晡日挷大索，摎隔壁班平手，愛比加一到。(今天拔河，我們和隔壁班平手，要再比一次。)
,U+E700,20250630-平.csv,1273,例句,打平過,例：公司今年無賺也無了，堵好打平過。(公司今年沒賺沒虧，剛好收支平衡。) 例：𠊎贏一場，你贏一場，兩儕打平過。(我贏一場，你贏一場，我們兩人平手。)
,U+E700,20250630-平.csv,1285,例句,本分,例：賢孝爺哀，係做人子女个本分。(孝敬父母，是我們為人子女的本分。)
,U+E700,20250630-平.csv,1358,例句,生命,例：逐條生命就當寶貴，愛好好珍惜。(每個生命都很寶貴，我們要好好珍惜。)
,U+E700,20250630-平.csv,1361,例句,生態,例：福壽螺係外來種，對臺灣个生態影響當大。(福壽螺是外來種，對我們臺灣的生態影響很大。)
,U+E700,20250630-平.csv,1408,例句,石油,例：苗栗个出磺坑，係臺灣最早挖著有石油个位所。(苗栗的出磺坑，是我們臺灣最早開採到石油的地方。)
,U+E700,20250630-平.csv,1453,例句,光明,例：兜就愛畢業咧，祝福大家有光明个前途。(我們就要畢業了，祝福大家有光明的前途。) 例：做人做事光明公當，就毋使驚人講閒話。(做人做事光明公正，就不用怕別人說閒話。)
,U+E700,20250630-平.csv,1508,例句,名單,例：名單項个人係到齊，俚就做得開桌咧。(名單上的人要是到齊了，我們就可以開席了。)
,U+E700,20250630-平.csv,1797,例句,別位,例：這間鞋店賣个鞋還貴喔！去別位買好咧！(這間鞋店賣的鞋子好貴喔！我們去別的地方買吧！)
,U+E700,20250630-平.csv,1848,例句,岔路,例：兜怕昂山哩！行來行去又行轉共條岔路來咧。(我們可能迷路啦！走來走去又走回同一條岔路了。)
,U+E700,20250630-平.csv,1904,例句,灶下,例：阿姊在灶下變食，來去䀴有麼个好料个。(姊姊在廚房弄吃的，我們去看有什麼好吃的東西。)
,U+E700,20250630-平.csv,1968,例句,事實,例：係無了解事實，就毋好儘採加講話。(我們若不了解事實，就不要隨便多說話。)
,U+E700,20250630-平.csv,1998,例句,協會,例：客家協會愛辦客話研習，來去報名參加好無？(客家協會要辦客語研習，我們去報名參加好嗎？)
,U+E700,20250630-平.csv,2154,例句,矺禮,例：阿德哥送一大籃梨仔來，愛用麼个來矺禮呢？(阿德哥送來一大籃梨子，我們要用什麼來回禮呢？)
,U+E700,20250630-平.csv,2158,例句,社區,例：个社區天光日有重陽敬老活動，共下來去鬥鬧熱啊！(我們的社區明天有重陽節敬老活動，一起去共襄盛舉吧！)
,U+E700,20250630-平.csv,2194,例句,下屋,例：下屋阿泉伯做好事請人，共下來去分佢請啊！(下頭阿泉伯那一家今天辦喜事請客，我們一起去吃喜酒吧！)
,U+E700,20250630-平.csv,2219,例句,口音,例：聽佢講話个口音，毋像本地人。(聽他說話的口音，不像是我們本地人。)
,U+E700,20250630-平.csv,2331,例句,芙蓉,例：這兜種个芙蓉係避邪、做藥用，摎詩詞講个芙蓉共名無共樣。(我們種的芙蓉是避邪、做藥用，和詩詞說的芙蓉同名不同種。) 例：《長恨歌》：「芙蓉如面柳如眉」，係當有名个詩句。(《長恨歌》：「芙蓉如面柳如眉」，是有名的詩句。)
,U+E700,20250630-平.csv,2417,例句,保護,例：山貓係臺灣特有个動物，愛好好來保護。(石虎是臺灣特有的動物，我們要好好保護。) 例：摎阿嬤共下來去拜伯公，請佢保護你乖乖會大。(和奶奶一起去拜土地公，請祂保佑你乖乖長大。)
,U+E700,20250630-平.csv,2507,例句,政策,例：配合政府个「少紙化」政策，開會盡量用投影，莫印紙本。(配合政府的「少紙化」政策，我們開會盡量用投影，不要印紙本。)
,U+E700,20250630-平.csv,2569,例句,相輸,例：這隻蝓螺係公个，毋信，來相輸！(這隻蝸牛是公的，不信，我們來打賭！)
,U+E700,20250630-平.csv,2587,例句,研究,例：王先生係醫學院个教授，佢專門研究心臟病治療个問題。(王先生是醫學院的教授，他專門研究心臟病治療的問題。) 例：做客家研究，愛去了解客家源流个問題。(做客家研究，要去了解客家源流的問題。) 例：來研究一下，䀴愛仰般訂這契約正較妥當。(我們來商討一下，看要怎麼訂這個契約比較妥當。)
,U+E700,20250630-平.csv,2827,例句,捐血,例：聽講恁久血庫欠血，共下去捐血愛無？(聽說最近血庫缺血，我們一起去捐血好嗎？)
,U+E700,20250630-平.csv,2997,例句,茶亭,例：有兜人當好心，會擐茶去茶亭分過路个人食。(有些人很好心，會在茶亭準備茶給路過的人喝。) 例：頭前有茶亭，兜來去該買涼水，歇睏一下。(前面有茶亭，我們去那買冷飲，休息一下。)
,U+E700,20250630-平.csv,3014,例句,討論,例：尾牙該日愛表演麼个？來討論一下。(尾牙那天要表演什麼？我們來討論討論。)
,U+E700,20250630-平.csv,3031,例句,起風,例：起風咧！俚來去放紙鷂好無？(開始颳風了！我們去放風箏好嗎？) 例：事做到當起風該下，連地動就毋知。(工作做到起勁的時候，連地震都不知道。)
,U+E700,20250630-平.csv,3104,例句,假使,例：天光日假使係好天，就出來去蹶山。(明天如果是好天氣，我們就出去爬山。)
,U+E700,20250630-平.csv,3148,例句,問路,例：這條路緊行緊毋像咧，來去頭前个加油站問路。(這條路越走越不對勁了，我們去前面的加油站問路。)
,U+E700,20250630-平.csv,3196,例句,掃把星,例：新聞講這隻月天頂有掃把星，到時正䀴啊佢个尾算來有像掃把無。(新聞說這個月天上有彗星，屆時我們再看看它的尾巴究竟像不像掃把。) 例：該隻掃把星，行到哪都摝衰人！(那個掃把星，走到哪都給人惹麻煩！)
,U+E700,20250630-平.csv,3298,例句,終點,例：來走相逐，䀴麼人先走到終點。(我們來賽跑，看誰先跑到終點。)
,U+E700,20250630-平.csv,3396,例句,報到,例：先去櫃檯報到、領資料，正入去會場坐。(我們先去櫃檯報到、領資料，再進去會場坐。)
,U+E700,20250630-平.csv,3488,例句,無親無戚,例：佢孤身一儕來臺灣做事，在這無親無戚，兜愛好好關心佢。(他孤身一人來臺灣工作，在這裡沒有親人，我們要好好關心他。)
,U+E700,20250630-平.csv,3514,例句,發明,例：吂有發明電火以前，人暗晡頭大體早早就睡咧。(還沒發明電燈之前，人們晚上大多老早就睡了。) 例：這擺𠊎去逛科技展，有䀴著當多當新色个發明。(這次我去逛科技展，看到許多很新奇的發明。)
,U+E700,20250630-平.csv,3611,例句,進行,例：䀴風搓進行个路線，應該毋會掃著臺灣正著。(看颱風行進的路線，應該不會掃到我們臺灣才對。) 例：頭家交代个工作，大家愛煞煞進行哦！(老闆交代的工作，大家要趕緊進行喔！)
,U+E700,20250630-平.csv,3652,例句,間房,例：莊下个屋，樓頂樓下加加起來，總共有七隻間房。(我們鄉下的房子，樓上樓下加總起來，一共有七個房間。)
,U+E700,20250630-平.csv,3709,例句,意思,例：這計畫就照你个意思進行，過程肚係有問題，正來討論。(這計畫就照你的意思進行，過程之中要是有問題，我們再來討論。) 例：該句英文寫麼个？你知意思無？(那句英文寫什麼？你知道意思嗎？) 例：這篇報導紹介機器人个發展，內容讀起來當有意思。(這篇報導介紹機器人的發展，內容讀起來很有意思。) 例：講愛分𠊎請，又搶等去撿錢，實在還無意思哪！(說要讓我請，又搶著去付錢，真是不夠意思啊！) 例：去廟項拜神，無講愛添幾多香油正算數，意思意思仔就好。(去廟裡拜拜，沒有規定要添多少香油錢才算數，意思意思就好。)
,U+E700,20250630-平.csv,3796,例句,義務,例：捐款這種事情毋係義務，各人隨意就好。(捐款這種事情不是義務，各人隨意就好。) 例：王先生異有心，逐個月都會轉家鄉義務摎鄉親䀴病。(王醫師很有心，每個月都會回家鄉義務幫鄉親看病。) 例：照打个契約，三隻月以內交貨係你應當愛做著个義務。(照我們訂的契約，三個月之內交貨是你應該完成的義務。)
,U+E700,20250630-平.csv,3917,例句,過夜,例：頭一日愛先去機場就近過夜，正赴得著第二日打早个飛行機。(我們前一天要先去機場附近過夜，才趕得上第二天一早的飛機。)
,U+E700,20250630-平.csv,3923,例句,過問,例：細人仔會自家絡食咧，做爺哀个毋使過問忒多，省使賺著來愁。(小孩會自己謀生了，我們為人父母的不用過問太多，免得徒增煩惱。)
,U+E700,20250630-平.csv,4094,例句,大主大意,例：這件事情大人會打算，俚兜毋好大主大意。(這件事情大人會安排，我們不要自作主張。)
,U+E700,20250630-平.csv,4125,例句,天狗食月,例：暗晡夜有天狗食月，食飽夜出來去䀴。(今晚有月蝕，我們晚餐過後出去看。)
,U+E700,20250630-平.csv,4207,例句,夜市,例：來去逛夜市，䀴愛食蚵仔煎抑係臭豆腐都做得。(我們去逛夜市，看要吃蚵仔煎還是臭豆腐都可以。)
,U+E700,20250630-平.csv,4259,例句,抽籤,例：𠊎倈仔今年愛考大學，𠊎愛去廟項抽籤問䀴考運好無。(我兒子今年要考大學，我要去廟裡抽籤看看考運好不好。) 例：上臺報告个順序，等下來抽籤決定。(上臺報告的順序，等一下我們來抽籤決定。)
,U+E700,20250630-平.csv,4431,例句,衛生,例：該家店較衛生，兜去該位食。(那家店比較乾淨，我們去那裡吃。) 例：個人衛生當重要，係講緊咳定著愛摎嘴揞仔戴起來。(個人衛生很重要，若一直咳一定要戴上口罩。)
,U+E700,20250630-平.csv,4576,釋義,歷史,1.過去所有事件的總稱。人類一切活動及經驗的記錄。例：歷史斯像一垤鏡仔，提供相像个例仔分俚參考。（歷史就像一面鏡子，提供相似的　2. 以歷史為研究對象的學科。
,U+E700,20250630-平.csv,4576,例句,歷史,例：歷史斯像一垤鏡仔，提供相像个例仔分俚參考。(歷史就像一面鏡子，提供相似的例子供我們參考。) 例：佢在高中教歷史。(他在高中教歷史。)
,U+E700,20250630-平.csv,4615,例句,輸贏,例：這滿球賽麼人輸贏，你知無？(這局球賽誰輸或贏，你知道嗎？) 例：你講有，𠊎講無，來輸贏，輸个人辦一桌酒席請人。(你說有，我說沒有，我們來賭輸贏，輸的人辦一桌酒席請客。)
,U+E700,20250630-平.csv,4673,例句,應該,例：隨手做環保係俚大家都應該做个事。(隨手做環保是我們大家都應該做的事。)
,U+E700,20250630-平.csv,4693,例句,環境,例：俚學校个環境當好，當適合在該位讀書。(我們學校的環境很好，很適合在那裏讀書。)
,U+E700,20250630-平.csv,4702,例句,總愛,例：你總愛先講清楚，大家正做得摎你𢯭手。(你總要先說清楚，大家才能幫你。) 例：俚總愛肯打拚，天下無難事！(我們只要肯努力，天下無難事！)
,U+E700,20250630-平.csv,4704,例句,總統,例：國家每四年選一擺總統。(我們國家每四年選一次總統。)
,U+E700,20250630-平.csv,4893,例句,護照,例：俚愛有外交部簽發个護照，正做得出國旅行。(我們要有外交部簽發的護照，才能出國旅行。)
,U+E700,20250630-平.csv,4906,例句,讀者,例：佢係俚學校電子報个忠實讀者。(他是我們學校電子報的忠實讀者。)
,U+E700,20250630-海.csv,84,例句,堵堵好,例：今晡日兩儕堵堵好有閒，共下來去逛街好無？(今天我們兩人剛剛好有空，一起去逛街好嗎？)
,U+E700,20250630-海.csv,658,例句,山窩,例：下到山窩个所在有隻涼亭，俚做得在該歇睏一下。(下山到山凹處有個涼亭，我們可以在那休息一下。)
,U+E700,20250630-海.csv,711,例句,元首,例：俚臺灣个元首，係人民投票選出來个。(我們臺灣的元首，是人民投票選出來的。)
,U+E700,20250630-海.csv,723,例句,公分,例：俚來比看啊，看你高𠊎幾多公分。(我們來比比看，看你比我高幾公分。)
,U+E700,20250630-海.csv,764,例句,分別,例：老弟到今都還毋會分別鴨仔摎鵝仔。(弟弟至今都還不會分辨鴨子與鵝。) 例：平平係八十個銀个便當，敢會有麼个分別？(一樣是八十元的便當，會有什麼差別嗎？) 例：韶早俚就愛分別咧，愛較輒聯絡喔！(明天我們就要分離了，要常常聯絡喔！)
,U+E700,20250630-海.csv,816,例句,少數,例：這下係民主社會，少數人个意見，俚乜愛尊重。(現在是民主社會，少數人的意見，我們也要尊重。)
,U+E700,20250630-海.csv,935,例句,比賽,例：俚來比賽，看麼人較遽走到伯公下。(我們來比賽，看誰比較快跑到土地公廟。) 例：佢今晡日愛參加演講比賽，緊張到昨暗晡一夜無睡。(他今天要參加演講比賽，緊張得昨天晚上整晚都沒睡。)
,U+E700,20250630-海.csv,998,例句,牛肉乾,例：俚个海關有規定，做毋得帶外國个牛肉乾入關。(我們的海關有規定，不能帶國外的牛肉乾入關。)
,U+E700,20250630-海.csv,1141,例句,另日,例：聽講該隻位所盡好尞，俚兜另日來去行行啊！(聽說那個地方很好玩，我們改天去走走！)
,U+E700,20250630-海.csv,1222,例句,平手,例：今晡日挷大索，俚同隔壁班平手，愛比加一到。(今天拔河，我們和隔壁班平手，要再比一次。)
,U+E700,20250630-海.csv,1234,例句,平安戲,例：𠊎莊頭禮拜日做平安戲，俚共下來去看啊！(我村裡星期天演平安戲，我們一起去看吧！)
,U+E700,20250630-海.csv,1275,例句,打平過,例：公司今年無賺也無了，堵好打平過。(公司今年沒賺沒虧，剛好收支平衡。) 例：𠊎贏一場，你贏一場，俚兩儕打平過。(我贏一場，你贏一場，我們兩人平手。)
,U+E700,20250630-海.csv,1449,例句,光明,例：俚就會畢業咧，祝福大家有光明个前途。(我們就要畢業了，祝福大家有光明的前途。) 例：做人做事光明公當，就毋使驚人講閒話。(做人做事光明公正，就不用怕別人說閒話。)
,U+E700,20250630-海.csv,1508,例句,名單,例：名單項个人係到齊，俚就做得開桌咧。(名單上的人要是到齊了，我們就可以開席了。)
,U+E700,20250630-海.csv,1849,例句,岔路,例：俚兜怕昂山咧！行去行轉又行到共條岔路來咧。(我們可能迷路啦！走來走去又走到同一條岔路了。)
,U+E700,20250630-海.csv,1966,例句,事實,例：俚係無了解事實，就毋好儘採加講。(我們若不了解事實，就不要隨便多說。)
,U+E700,20250630-海.csv,2008,例句,命運,例：人个命運做得自家把扼，肯拚就會出頭天。(人的命運可以自己掌握，肯努力就會出頭天。) 例：俚愛學習掌扼自家个命運。(我們要學習掌握自己的命運。)
,U+E700,20250630-海.csv,2053,例句,抽籤仔,例：𠊎婆當信神，見有麼个事情都會去廟肚抽籤仔做參考。(我祖母很信神，遇有什麼事都會去廟裡求籤參考。) 例：上臺報告个順序，等下俚來抽籤仔決定。(上臺報告的順序，等一下我們來抽籤決定。)
,U+E700,20250630-海.csv,2150,例句,矺禮,例：阿德哥送一大籃梨仔來，愛用麼个來矺禮呢？(阿德哥送來一大籃梨子，我們要用什麼來回禮呢？)
,U+E700,20250630-海.csv,2180,例句,上等,例：阿伯去韓國尞轉來，送俚一盒上等个參仔。(伯父去韓國玩回來，送給我們一盒上等的人參。)
,U+E700,20250630-海.csv,2189,例句,下屋,例：下屋阿泉伯做好事請人，俚共下來去分佢請啊！(下邊阿泉伯家今天辦喜事請客，我們一起去吃喜酒吧！)
,U+E700,20250630-海.csv,2214,例句,口音,例：聽佢講話个口音，毋像俚本地人。(聽他說話的口音，不像是我們本地人。)
,U+E700,20250630-海.csv,2322,例句,芙蓉,例：俚這兜種个芙蓉係避邪、做藥用，摎詩詞講个芙蓉共名無共種。(我們種的芙蓉是避邪、做藥用，和詩詞所說的芙蓉同名不同種。) 例：白居易《長恨歌》：「芙蓉如面柳如眉」，係當有名个詩句。(白居易《長恨歌》：「芙蓉如面柳如眉」，是有名的詩句。)
,U+E700,20250630-海.csv,2403,例句,保護,例：石虎係臺灣特有个動物，俚愛好好來保護。(石虎是臺灣特有的動物，我們要好好保護。) 例：摎阿婆共下來去拜伯公，請伯公保護你乖乖會大。(和奶奶一起去拜土地公，請土地公保佑你乖乖長大。)
,U+E700,20250630-海.csv,2492,例句,政策,例：配合政府个「少紙化」政策，俚開會盡量用投影，莫印紙本。(配合政府的「少紙化」政策，我們開會盡量用投影，不要印紙本。)
,U+E700,20250630-海.csv,2552,例句,相輸,例：這隻蝓螺係公个，毋信，俚來相輸！(這隻蝸牛是公的，不信，我們來打賭！)
,U+E700,20250630-海.csv,2570,例句,研究,例：王先生係醫學院个教授，佢專門研究心臟病治療个問題。(王先生是醫學院的教授，他專門研究心臟病治療的問題。) 例：做客家研究，愛先了解客家源流个問題。(做客家研究，要先了解客家源流的問題。) 例：俚來研究一下，看愛仰般訂這契約正較妥當。(我們來商討一下，看要怎麼訂這個契約比較妥當。)
,U+E700,20250630-海.csv,2805,例句,捐血,例：聽講恁久血庫欠血，俚共下去捐血好無？(聽說最近血庫缺血，我們一起去捐血好嗎？)
,U+E700,20250630-海.csv,2984,例句,討論,例：尾牙該日愛表演麼个？俚來討論一下。(尾牙那天要表演什麼？我們來討論討論。)
,U+E700,20250630-海.csv,3001,例句,起風,例：起風咧！俚來去放紙鷂仔好無？(開始颳風了！我們去放風箏好嗎？) 例：事做到當起風該下，連地動就毋知。(工作做到起勁的時候，連地震都不知道。)
,U+E700,20250630-海.csv,3070,例句,假使,例：天光日假使係好天，俚就出來去蹶山。(明天如果是好天氣，我們就出去爬山。)
,U+E700,20250630-海.csv,3114,例句,問路,例：這條路緊行緊毋像咧，俚來去頭前个加油站問路。(這條路越走越不對勁了，我們去前面的加油站問路。)
,U+E700,20250630-海.csv,3260,例句,終點,例：俚來走追仔，看麼人先走到終點。(我們來賽跑，看誰先跑到終點。)
,U+E700,20250630-海.csv,3355,例句,報到,例：俚先去櫃檯報到、領資料，正落去會場坐。(我們先去櫃檯報到、領資料，再進去會場坐。)
,U+E700,20250630-海.csv,3446,例句,無親無戚,例：佢孤身一儕來臺灣做事，在這無親無戚，俚愛好好關心佢。(他孤身一人來臺灣工作，在這裡沒有親人，我們要好好關心他。)
,U+E700,20250630-海.csv,3566,例句,進行,例：看風搓進行个路線，應該毋會掃著俚臺灣正著。(看颱風行進的路線，應該不會掃到我們臺灣才對。) 例：頭家交代个工作，大家愛煞煞進行哦！(老闆交代的工作，大家要趕緊進行喔！)
,U+E700,20250630-海.csv,3661,例句,意思,例：這計畫就照你个意思進行，過程係有問題，俚正來討論。(這計畫就照你的意思進行，過程要是有問題，我們再來討論。) 例：該句英文寫麼个？你知意思無？(那句英文寫什麼？你知道意思嗎？) 例：這篇報導紹介機器人个發展，內容讀起來當有意思。(這篇報導介紹機器人的發展，內容讀起來很有意思。) 例：講愛分𠊎請，又搶等去付錢，實在還無意思哪！(說要讓我請，又搶著去付錢，真是不夠意思啊！) 例：去廟拜神，無講愛添幾多香油正算數，意思意思就好。(去廟裡拜拜，沒有規定要添多少香油錢才算數，意思意思就好。)
,U+E700,20250630-海.csv,3743,例句,義務,例：捐款這種事情毋係義務，各人隨意就好。(捐款這種事情不是義務，各人隨意就好。) 例：王先生已有心，逐個月都會轉家鄉義務摎鄉親看病。(王醫師很有心，每個月都會回家鄉義務幫鄉親看病。) 例：照俚打个契約，三隻月以內交貨係你應當愛做著个義務。(照我們訂的契約，三個月之內交貨是你應該完成的義務。)
,U+E700,20250630-海.csv,3865,例句,過夜,例：俚頭一日愛先去機場附近過夜，正赴得著第二日打早个飛行機。(我們前一天要先去機場附近過夜，才趕得上第二天一早的飛機。)
,U+E700,20250630-海.csv,3871,例句,過問,例：細人仔會自家絡食咧，俚做爺哀个毋使過問忒多，免得賺著來愁。(小孩會自己謀生了，我們為人父母的不用過問太多，免得徒增煩惱。)
,U+E700,20250630-海.csv,4038,例句,大主大意,例：這件事情大人會打算，俚兜毋好大主大意。(這件事情大人會安排，我們不要自作主張。)
,U+E700,20250630-海.csv,4069,例句,天狗食月,例：暗晡夜有天狗食月，食飽夜出來去看。(今晚有月蝕，我們晚餐過後出去看。)
,U+E700,20250630-海.csv,4171,例句,夜市,例：俚來去逛夜市，看愛食蚵仔煎抑係臭豆腐都做得。(我們去逛夜市，看要吃蚵仔煎還是臭豆腐都可以。)
,U+E700,20250630-海.csv,4408,例句,衛生,例：該家店較衛生，俚去該位食。(那家店比較乾淨，我們去那裡吃。) 例：個人衛生當重要，係講緊嗽定著愛戴嘴揞仔。(個人衛生很重要，若一直咳一定要戴口罩。)
,U+E700,20250630-海.csv,4588,例句,輸贏,例：球係圓个，哪隊輸贏麼儕知？(球是圓的，哪一隊會輸會贏，有誰知道？) 例：你講有，𠊎講無，俚來輸贏，輸个人辦一桌酒席請人。(你說有，我說沒有，我們來賭輸贏，輸的人辦一桌酒席請客。)
,U+E700,20250630-海.csv,4659,例句,環境,例：俚學校个環境當好，當適合在該位讀書。(我們學校的環境很好，很適合在那裏讀書。)
,U+E700,20250630-海.csv,4670,例句,總統,例：俚國家每四年選一擺總統。(我們國家每四年選一次總統。)
,U+E700,20250630-海.csv,4857,例句,護照,例：俚愛有外交部簽發个護照，正做得出國旅行。(我們要有外交部簽發的護照，才能出國旅行。)
,U+E700,20250630-海.csv,4871,例句,讀者,例：佢係俚學校電子報个忠實讀者。(他是我們學校電子報的忠實讀者。)
,U+E700,20250630-海.csv,16146,例句,著作,例：俚愛感謝著作个人，分俚有恁多好文章做得看。(（我們要感謝寫作者，讓我們有這麼多好文章可以看。）) 例：該個作者盡有名，佢逐本著作都當受歡迎。(（那個作者很有名，他每本著作都很受歡迎。）)
,U+E702,20250630-安.csv,147,例句,腳跡,例：鞋恁屙糟毋脫，蹬到滿哪位攏係腳跡了了。(（鞋子這麼髒不脫掉，踩得到處都是腳印。）)
,U+E702,20250630-安.csv,359,例句,牙腳,例：先生講𠊎个牙腳蛀壞去，愛挷正會用。(（醫生說我的牙根蛀壞了，要拔掉才可以。）)
,U+E711,20250630-南.csv,3985,例句,滿月,例：八月半个滿月大又圓，蓋多人都好在月光下坐尞賞月。(中秋節的滿月又大又圓，很多人都喜歡在月光下聊天賞月。) 例：阿祿伯个孫仔正滿月就蓋會同人打咕吔。(阿祿伯伯的孫子才剛滿月就很會對人發出咕咕聲了。) 例：阿玉嫂降倈仔，庰間角歸隻月，一滿月就拚等去轉妹家。(阿玉嫂生完兒子，在房裡坐月子一整個月，剛滿月就趕著回娘家。)
,U+E711,20250630-四.csv,4097,例句,滿月,例：八月中秋个滿月大又圓，當多人都好在月光下坐尞賞月。(八月中秋的滿月又大又圓，很多人都喜歡在月光下聊天賞月。) 例：阿祿伯个孫仔正滿月就當會同人打咕吔。(阿祿伯伯的孫子才剛滿月就很會對人發出咕咕聲了。) 例：瑾玉嫂降倈仔，囥忒歸隻月間角，一滿月就拚等去轉妹家。(瑾玉嫂生完兒子，在房裡坐月子一整個月，剛滿月就趕著回娘家。)
,U+E711,20250630-大.csv,3905,例句,滿月,例：八月半个滿月大又圓，當多人好在月光下坐尞賞月。(（中秋節的滿月又大又圓，很多人喜歡在月光下聊天賞月。）) 例：阿祿伯个孫正滿月斯當會同人打咕吔咧。(（阿祿伯伯的孫子才剛滿月就很會對人發出咕咕聲了。）) 例：阿泉嫂降倈，囥間囥歸個月，一滿月斯拚緊轉妹家。(（阿泉嫂生完兒子，在房裡坐月子一整個月，剛滿月就趕著回娘家。）)
,U+E711,20250630-安.csv,3880,例句,滿月,例：八月中秋个滿月大又圓，真多人攏愛在月光下坐尞賞月。(八月中秋的滿月又大又圓，很多人都喜歡在月光下聊天賞月。) 例：阿祿伯个孫正滿月即真會佮人打咕啊。(阿祿伯伯的孫子才剛滿月就很會對人發出咕咕聲了。) 例：瑾玉嫂降後生，藏歸個月間底，一滿月即攔著去轉外家。(瑾玉嫂生完兒子，在房裡坐月子一整個月，剛滿月就趕著回娘家。)
,U+E711,20250630-平.csv,4014,例句,滿月,例：八月中秋个滿月大又圓，當多人都好在月光下坐尞賞月。(八月中秋的滿月又大又圓，很多人都喜歡在月光下聊天賞月。) 例：阿祿伯个孫仔正滿月就當會摎人打咕咧。(阿祿伯伯的孫子才剛滿月就很會對人發出咕咕聲了。) 例：瑾玉嫂降倈仔，囥歸隻月間角，一滿月就拚等去轉妹家。(瑾玉嫂生完兒子，在房裡坐月子一整個月，剛滿月就趕著回娘家。)
,U+E711,20250630-海.csv,3961,例句,滿月,例：八月半个滿月大又圓，當多人都好在月光下坐尞看月光。(中秋節的滿月又大又圓，很多人都喜歡在月光下聊天賞月。) 例：阿祿伯个孫仔正滿月就當會摎人打咕咧。(阿祿伯伯的孫子才剛滿月就很會對人發出咕咕聲了。)
,U+E72C,20250630-南.csv,745,例句,分配,例：愛曉得分配時間，正毋會無閒到腦轉。(要懂得分配時間，才不會忙到團團轉。)
,U+E72C,20250630-南.csv,2676,例句,食電,例：冷氣蓋食電，一扚啊開，電表就蓋遽。(冷氣很耗電，一開啟，電表就轉得很快。)
,U+E72C,20250630-南.csv,3602,例句,開幕,例：加十分鐘，表演就愛開幕吔，請大家遽啊入場。(再十分鐘，表演就要開幕了，請大家趕緊入場。) 例：運動會開幕个時節，選手運動場一轉。(運動會開幕的時候，選手要繞場一周。) 例：阿慧个電毛店開幕吔，哪日正來去同佢交關啊。(阿慧的美髮店開幕了，哪天再去給她捧場一下。)
,U+E72C,20250630-大.csv,761,例句,分配,例：愛曉得分配時間，正毋會無閒去迴。(（要懂得分配時間，才不會忙得團團轉。）)
,U+E72C,20250630-大.csv,3262,例句,通透,例：圍龍伙房屋有防禦个功能，外牆圓，橫屋之間有巷笐，無恁通透。(（圍龍屋有防禦功能，外牆環抱，廂房之間有很多巷道，沒有這麼暢通。）) 例：係有麼个消息，你愛先同𠊎通透下，𠊎好做準備。(（要是有什麼消息，你要先透漏一下，我好做準備。）)
,U+E733,20250630-四.csv,17410,例句,腳脥,例：厥腳盤項好恬恬發一粒仔，腳脥項嗄襯瘍癧，痛到喊毋敢。(他的腳盤上突然長出一顆膿瘡，胯部連帶的淋巴腺脹痛，痛得受不了。)
,U+E76F,20250630-大.csv,16361,例句,㸐毛蟲,例：佢去菜園分㸐毛蟲蜒著，歸身爪都起。(（他去菜園被毛毛蟲灼傷，引起過敏，全身抓得都是小腫塊。）)
,U+E9E0,113四高.csv,2155,四縣客家語,惡嫲,惡嫲
,U+E9E0,113大高.csv,2144,大埔客家語,惡嫲,惡嫲
,U+E9E2,113平高.csv,2589,饒平客家語,做𣛮,做𣛮
,U+F374,20250630-南.csv,14895,相似詞,相幫,手
,U+F374,20250630-四.csv,15288,相似詞,相幫,手
,U+F374,20250630-大.csv,14726,相似詞,相幫,手
,U+F374,20250630-平.csv,15184,相似詞,相幫,手
,U+F374,20250630-海.csv,15379,相似詞,相幫,手
錄,U+F93F,20250630-南.csv,4670,釋義,檔案,分類保存的各種文件和材料。也可指電腦資料或程式紀錄之集合。
錄,U+F93F,20250630-四.csv,4676,釋義,檔案,分類保存的各種文件和材料。也可指電腦資料或程式紀錄之集合。
錄,U+F93F,20250630-大.csv,4626,釋義,檔案,分類保存的各種文件和材料。也可指電腦資料或程式紀錄之集合。　
錄,U+F93F,20250630-安.csv,4627,釋義,檔案,分類保存的各種文件和材料。也可指電腦資料或程式紀錄之集合。
錄,U+F93F,20250630-平.csv,4683,釋義,檔案,分類保存的各種文件和材料。也可指電腦資料或程式紀錄之集合。
錄,U+F93F,20250630-海.csv,4649,釋義,檔案,分類保存的各種文件和材料。也可指電腦資料或程式紀錄之集合。
料,U+F9BE,20250630-南.csv,4670,釋義,檔案,分類保存的各種文件和材料。也可指電腦資料或程式紀錄之集合。
料,U+F9BE,20250630-四.csv,4676,釋義,檔案,分類保存的各種文件和材料。也可指電腦資料或程式紀錄之集合。
料,U+F9BE,20250630-大.csv,4626,釋義,檔案,分類保存的各種文件和材料。也可指電腦資料或程式紀錄之集合。　
料,U+F9BE,20250630-安.csv,4627,釋義,檔案,分類保存的各種文件和材料。也可指電腦資料或程式紀錄之集合。
料,U+F9BE,20250630-平.csv,4683,釋義,檔案,分類保存的各種文件和材料。也可指電腦資料或程式紀錄之集合。
料,U+F9BE,20250630-海.csv,4649,釋義,檔案,分類保存的各種文件和材料。也可指電腦資料或程式紀錄之集合。
流,U+F9CA,20250630-南.csv,4400,釋義,線路,指電流、水流、油品等的通路。
流,U+F9CA,20250630-四.csv,4397,釋義,線路,線路，指電流、水流、油品等的通路。
流,U+F9CA,20250630-大.csv,4374,釋義,線路,指電流、水流、油品等的通路。　
流,U+F9CA,20250630-安.csv,4376,釋義,線路,指電流、水流、油品等的通路。
流,U+F9CA,20250630-平.csv,4411,釋義,線路,指電流、水流、油品等的通路。
流,U+F9CA,20250630-海.csv,4389,釋義,線路,指電流、水流、油品等的通路。
